Transaction ID,Transaction Date,Settlement Date,Merchant,Transaction Type,Currency,Transaction Amount,Transaction Status,Reference Number,Source/System,Customer Reference
TXN100000,2026-07-09,2026-07-10,Utility Co,Purchase,INR,2561.37,Completed,REF200000,Internal Transaction System,CUST8633
TXN100001,2026-07-01,2026-07-04,Utility Co,Reversal,INR,647.44,Completed,REF200001,Internal Transaction System,CUST9611
TXN100002,2026-07-23,2026-07-24,Retailer B,Purchase,EUR,1112.31,Completed,REF200002,Internal Transaction System,CUST9800
TXN100003,2026-07-29,2026-07-30,Utility Co,Reversal,EUR,370.72,Completed,REF200003,Internal Transaction System,CUST4287
TXN100004,2026-07-16,2026-07-17,Food Services,Purchase,INR,927.97,Pending,REF200004,Internal Transaction System,CUST3602
TXN100005,2026-07-31,2026-08-02,Utility Co,Purchase,INR,228.29,Completed,REF200005,Internal Transaction System,CUST2298
TXN100006,2026-07-04,2026-07-07,Digital Store,Purchase,INR,463.93,Completed,REF200006,Internal Transaction System,CUST5446
TXN100007,2026-07-25,2026-07-28,Retailer B,Purchase,EUR,2439.77,Completed,REF200007,Internal Transaction System,CUST8424
TXN100008,2026-07-25,2026-07-26,Utility Co,Purchase,USD,467.41,Completed,REF200008,Internal Transaction System,CUST6060
TXN100009,2026-07-01,2026-07-02,Digital Store,Purchase,USD,588.65,Completed,REF200009,Internal Transaction System,CUST4944
TXN100010,2026-07-05,2026-07-06,Digital Store,Purchase,GBP,1650.26,Completed,REF200010,Internal Transaction System,CUST4043
TXN100011,2026-07-10,2026-07-11,Retailer B,Purchase,GBP,936.23,Completed,REF200011,Internal Transaction System,CUST4846
TXN100012,2026-07-13,2026-07-14,Digital Store,Purchase,INR,354.0,Completed,REF200012,Internal Transaction System,CUST5435
TXN100013,2026-07-15,2026-07-17,Digital Store,Purchase,INR,735.6,Completed,REF200013,Internal Transaction System,CUST8754
TXN100014,2026-07-06,2026-07-08,Retailer B,Purchase,INR,2526.73,Completed,REF200014,Internal Transaction System,CUST6787
TXN100015,2026-07-28,2026-07-30,Food Services,Purchase,INR,656.54,Completed,REF200015,Internal Transaction System,CUST5827
TXN100016,2026-07-16,2026-07-17,Retailer A,Purchase,INR,447.41,Completed,REF200016,Internal Transaction System,CUST6735
TXN100017,2026-07-12,2026-07-13,Retailer B,Purchase,EUR,334.23,Completed,REF200017,Internal Transaction System,CUST5422
TXN100018,2026-07-15,2026-07-16,Travel Co,Reversal,INR,997.64,Completed,REF200018,Internal Transaction System,CUST3623
TXN100019,2026-07-14,2026-07-15,Retailer A,Purchase,INR,1503.56,Completed,REF200019,Internal Transaction System,CUST5935
TXN100020,2026-07-26,2026-07-27,Retailer B,Purchase,INR,501.52,Completed,REF200020,Internal Transaction System,CUST7087
TXN100021,2026-07-18,2026-07-19,Retailer B,Purchase,INR,470.5,Pending,REF200021,Internal Transaction System,CUST8342
TXN100022,2026-07-19,2026-07-20,Food Services,Purchase,INR,792.06,Pending,REF200022,Internal Transaction System,CUST5868
TXN100023,2026-07-21,2026-07-22,Travel Co,Purchase,INR,683.35,Completed,REF200023,Internal Transaction System,CUST1349
TXN100024,2026-07-02,2026-07-03,Utility Co,Purchase,USD,2042.89,Completed,REF200024,Internal Transaction System,CUST4477
TXN100025,2026-07-28,2026-07-31,Retailer A,Purchase,USD,788.39,Completed,REF200025,Internal Transaction System,CUST1947
TXN100026,2026-07-26,2026-07-27,Retailer B,Purchase,INR,556.41,Completed,REF200026,Internal Transaction System,CUST5378
TXN100027,2026-07-07,2026-07-08,Retailer B,Purchase,INR,651.14,Completed,REF200027,Internal Transaction System,CUST5406
TXN100028,2026-07-03,2026-07-04,Retailer B,Purchase,INR,851.75,Completed,REF200028,Internal Transaction System,CUST8520
TXN100029,2026-07-01,2026-07-02,Retailer B,Refund,GBP,1006.53,Completed,REF200029,Internal Transaction System,CUST4135
TXN100030,2026-07-23,2026-07-24,Retailer A,Purchase,INR,369.01,Completed,REF200030,Internal Transaction System,CUST1265
TXN100031,2026-07-08,2026-07-09,Retailer A,Reversal,INR,1186.19,Completed,REF200031,Internal Transaction System,CUST9000
TXN100032,2026-07-26,2026-07-27,Digital Store,Purchase,INR,429.59,Completed,REF200032,Internal Transaction System,CUST3492
TXN100033,2026-07-14,2026-07-17,Retailer A,Purchase,USD,1407.62,Completed,REF200033,Internal Transaction System,CUST3659
TXN100034,2026-07-14,2026-07-15,Retailer A,Purchase,INR,268.74,Completed,REF200034,Internal Transaction System,CUST7986
TXN100035,2026-07-26,2026-07-28,Food Services,Purchase,INR,889.14,Completed,REF200035,Internal Transaction System,CUST1996
TXN100036,2026-07-24,2026-07-25,Food Services,Purchase,USD,1017.18,Pending,REF200036,Internal Transaction System,CUST6294
TXN100037,2026-07-11,2026-07-12,Digital Store,Purchase,INR,547.2,Completed,REF200037,Internal Transaction System,CUST9279
TXN100038,2026-07-08,2026-07-10,Retailer A,Purchase,USD,1123.99,Completed,REF200038,Internal Transaction System,CUST3138
TXN100039,2026-07-02,2026-07-03,Retailer A,Purchase,INR,802.72,Completed,REF200039,Internal Transaction System,CUST2639
TXN100040,2026-07-02,2026-07-03,Utility Co,Purchase,INR,934.44,Completed,REF200040,Internal Transaction System,CUST9721
TXN100041,2026-07-24,2026-07-26,Travel Co,Purchase,INR,2130.27,Completed,REF200041,Internal Transaction System,CUST5949
TXN100042,2026-07-18,2026-07-19,Retailer A,Reversal,USD,1864.39,Completed,REF200042,Internal Transaction System,CUST5752
TXN100043,2026-07-26,2026-07-27,Food Services,Refund,INR,442.15,Completed,REF200043,Internal Transaction System,CUST6418
TXN100044,2026-07-26,2026-07-28,Travel Co,Purchase,INR,2575.91,Pending,REF200044,Internal Transaction System,CUST6061
TXN100045,2026-07-03,2026-07-05,Retailer B,Reversal,INR,650.89,Completed,REF200045,Internal Transaction System,CUST2792
TXN100046,2026-07-16,2026-07-19,Retailer A,Purchase,INR,1215.57,Completed,REF200046,Internal Transaction System,CUST5451
TXN100047,2026-07-01,2026-07-03,Utility Co,Purchase,INR,534.99,Completed,REF200047,Internal Transaction System,CUST6416
TXN100048,2026-07-12,2026-07-15,Retailer A,Purchase,INR,372.76,Completed,REF200048,Internal Transaction System,CUST8466
TXN100049,2026-07-23,2026-07-25,Digital Store,Purchase,USD,546.8,Completed,REF200049,Internal Transaction System,CUST5348
TXN100050,2026-07-04,2026-07-06,Digital Store,Purchase,INR,402.73,Completed,REF200050,Internal Transaction System,CUST7156
TXN100051,2026-07-19,2026-07-20,Retailer A,Purchase,INR,5892.49,Completed,REF200051,Internal Transaction System,CUST2124
TXN100052,2026-07-04,2026-07-05,Retailer A,Refund,INR,1144.34,Completed,REF200052,Internal Transaction System,CUST6704
TXN100053,2026-07-15,2026-07-16,Utility Co,Purchase,INR,2708.74,Completed,REF200053,Internal Transaction System,CUST4782
TXN100054,2026-07-09,2026-07-10,Retailer B,Purchase,INR,348.54,Completed,REF200054,Internal Transaction System,CUST2830
TXN100055,2026-07-07,2026-07-08,Retailer A,Purchase,INR,726.54,Completed,REF200055,Internal Transaction System,CUST1636
TXN100056,2026-07-03,2026-07-04,Retailer A,Purchase,INR,4815.7,Completed,REF200056,Internal Transaction System,CUST4642
TXN100057,2026-07-18,2026-07-21,Food Services,Purchase,USD,594.94,Completed,REF200057,Internal Transaction System,CUST5653
TXN100058,2026-07-16,2026-07-17,Utility Co,Purchase,INR,552.22,Completed,REF200058,Internal Transaction System,CUST2295
TXN100059,2026-07-06,2026-07-07,Utility Co,Reversal,USD,616.97,Completed,REF200059,Internal Transaction System,CUST9460
TXN100060,2026-07-25,2026-07-26,Utility Co,Purchase,INR,566.38,Completed,REF200060,Internal Transaction System,CUST7344
TXN100061,2026-07-16,2026-07-19,Utility Co,Purchase,INR,464.22,Completed,REF200061,Internal Transaction System,CUST8493
TXN100062,2026-07-09,2026-07-10,Utility Co,Purchase,INR,4411.84,Completed,REF200062,Internal Transaction System,CUST7540
TXN100063,2026-07-05,2026-07-06,Travel Co,Purchase,INR,726.09,Completed,REF200063,Internal Transaction System,CUST8472
TXN100064,2026-07-18,2026-07-19,Travel Co,Purchase,INR,506.52,Completed,REF200064,Internal Transaction System,CUST8745
TXN100065,2026-07-25,2026-07-26,Travel Co,Purchase,INR,2431.77,Pending,REF200065,Internal Transaction System,CUST7867
TXN100066,2026-07-01,2026-07-02,Retailer A,Purchase,INR,1216.84,Pending,REF200066,Internal Transaction System,CUST6529
TXN100067,2026-07-22,2026-07-23,Retailer A,Purchase,USD,5989.66,Pending,REF200067,Internal Transaction System,CUST9320
TXN100068,2026-07-11,2026-07-12,Retailer A,Purchase,EUR,851.23,Completed,REF200068,Internal Transaction System,CUST3649
TXN100069,2026-07-08,2026-07-09,Retailer B,Refund,INR,505.72,Completed,REF200069,Internal Transaction System,CUST7069
TXN100070,2026-07-23,2026-07-24,Utility Co,Purchase,USD,2660.88,Completed,REF200070,Internal Transaction System,CUST8616
TXN100071,2026-07-26,2026-07-27,Digital Store,Purchase,USD,2022.57,Completed,REF200071,Internal Transaction System,CUST2396
TXN100072,2026-07-11,2026-07-12,Digital Store,Purchase,INR,406.68,Completed,REF200072,Internal Transaction System,CUST5459
TXN100073,2026-07-09,2026-07-12,Travel Co,Purchase,INR,1598.01,Completed,REF200073,Internal Transaction System,CUST8113
TXN100074,2026-07-08,2026-07-10,Retailer A,Purchase,EUR,807.51,Completed,REF200074,Internal Transaction System,CUST1141
TXN100075,2026-07-22,2026-07-23,Travel Co,Purchase,INR,2616.96,Completed,REF200075,Internal Transaction System,CUST8031
TXN100076,2026-07-26,2026-07-28,Retailer B,Purchase,INR,1497.64,Completed,REF200076,Internal Transaction System,CUST6649
TXN100077,2026-07-18,2026-07-21,Digital Store,Purchase,INR,894.65,Completed,REF200077,Internal Transaction System,CUST1154
TXN100078,2026-07-25,2026-07-26,Digital Store,Purchase,INR,482.8,Reversed,REF200078,Internal Transaction System,CUST2516
TXN100079,2026-07-14,2026-07-15,Digital Store,Refund,INR,2834.6,Completed,REF200079,Internal Transaction System,CUST7950
TXN100080,2026-07-26,2026-07-28,Travel Co,Purchase,INR,937.0,Pending,REF200080,Internal Transaction System,CUST1952
TXN100081,2026-07-22,2026-07-24,Retailer A,Reversal,INR,2615.75,Completed,REF200081,Internal Transaction System,CUST5207
TXN100082,2026-07-03,2026-07-04,Digital Store,Purchase,INR,723.59,Completed,REF200082,Internal Transaction System,CUST1590
TXN100083,2026-07-27,2026-07-30,Food Services,Purchase,EUR,1721.61,Completed,REF200083,Internal Transaction System,CUST8258
TXN100084,2026-07-30,2026-07-31,Digital Store,Purchase,INR,1096.8,Completed,REF200084,Internal Transaction System,CUST8387
TXN100085,2026-07-23,2026-07-24,Digital Store,Purchase,INR,572.75,Completed,REF200085,Internal Transaction System,CUST1385
TXN100086,2026-07-08,2026-07-09,Retailer B,Purchase,INR,1290.05,Completed,REF200086,Internal Transaction System,CUST1095
TXN100087,2026-07-28,2026-07-29,Retailer B,Purchase,INR,1183.63,Completed,REF200087,Internal Transaction System,CUST9168
TXN100088,2026-07-13,2026-07-15,Travel Co,Purchase,INR,462.83,Completed,REF200088,Internal Transaction System,CUST4247
TXN100089,2026-07-31,2026-08-02,Travel Co,Purchase,INR,799.25,Completed,REF200089,Internal Transaction System,CUST5125
TXN100090,2026-07-17,2026-07-18,Food Services,Refund,INR,1164.65,Completed,REF200090,Internal Transaction System,CUST2592
TXN100091,2026-07-07,2026-07-08,Food Services,Purchase,INR,2519.08,Completed,REF200091,Internal Transaction System,CUST3873
TXN100092,2026-07-12,2026-07-15,Retailer A,Purchase,EUR,424.07,Completed,REF200092,Internal Transaction System,CUST5428
TXN100093,2026-07-10,2026-07-11,Food Services,Purchase,INR,2817.02,Completed,REF200093,Internal Transaction System,CUST2155
TXN100094,2026-07-17,2026-07-18,Retailer A,Purchase,USD,760.82,Completed,REF200094,Internal Transaction System,CUST3022
TXN100095,2026-07-24,2026-07-25,Utility Co,Purchase,INR,1235.21,Completed,REF200095,Internal Transaction System,CUST4350
TXN100096,2026-07-02,2026-07-03,Retailer B,Purchase,GBP,735.81,Completed,REF200096,Internal Transaction System,CUST6002
TXN100097,2026-07-11,2026-07-13,Digital Store,Purchase,INR,962.72,Completed,REF200097,Internal Transaction System,CUST9774
TXN100098,2026-07-19,2026-07-20,Retailer A,Purchase,INR,735.1,Completed,REF200098,Internal Transaction System,CUST6190
TXN100099,2026-07-25,2026-07-28,Travel Co,Purchase,INR,791.98,Completed,REF200099,Internal Transaction System,CUST9534
TXN100100,2026-07-27,2026-07-28,Utility Co,Purchase,INR,709.3,Completed,REF200100,Internal Transaction System,CUST5907
TXN100101,2026-07-16,2026-07-17,Travel Co,Reversal,INR,585.1,Pending,REF200101,Internal Transaction System,CUST7910
TXN100102,2026-07-14,2026-07-16,Travel Co,Refund,INR,1283.81,Reversed,REF200102,Internal Transaction System,CUST9793
TXN100103,2026-07-07,2026-07-08,Travel Co,Purchase,INR,1521.99,Completed,REF200103,Internal Transaction System,CUST8981
TXN100104,2026-07-22,2026-07-24,Utility Co,Purchase,USD,1441.61,Completed,REF200104,Internal Transaction System,CUST9712
TXN100105,2026-07-27,2026-07-28,Retailer B,Purchase,INR,536.43,Completed,REF200105,Internal Transaction System,CUST8098
TXN100106,2026-07-10,2026-07-13,Retailer A,Purchase,INR,379.96,Pending,REF200106,Internal Transaction System,CUST6920
TXN100107,2026-07-02,2026-07-05,Retailer A,Purchase,INR,847.96,Completed,REF200107,Internal Transaction System,CUST8503
TXN100108,2026-07-19,2026-07-21,Food Services,Purchase,INR,833.25,Completed,REF200108,Internal Transaction System,CUST3077
TXN100109,2026-07-27,2026-07-30,Travel Co,Purchase,INR,262.67,Completed,REF200109,Internal Transaction System,CUST7055
TXN100110,2026-07-21,2026-07-22,Utility Co,Purchase,INR,1401.02,Completed,REF200110,Internal Transaction System,CUST9700
TXN100111,2026-07-01,2026-07-02,Retailer A,Purchase,INR,462.53,Completed,REF200111,Internal Transaction System,CUST5377
TXN100112,2026-07-28,2026-07-29,Food Services,Purchase,INR,789.18,Completed,REF200112,Internal Transaction System,CUST9162
TXN100113,2026-07-14,2026-07-16,Travel Co,Purchase,INR,1203.34,Completed,REF200113,Internal Transaction System,CUST1876
TXN100114,2026-07-20,2026-07-22,Retailer B,Purchase,EUR,3492.27,Completed,REF200114,Internal Transaction System,CUST2568
TXN100115,2026-07-15,2026-07-17,Food Services,Purchase,INR,2724.02,Completed,REF200115,Internal Transaction System,CUST3644
TXN100116,2026-07-28,2026-07-29,Retailer A,Purchase,INR,2960.67,Completed,REF200116,Internal Transaction System,CUST4342
TXN100117,2026-07-23,2026-07-25,Retailer B,Purchase,USD,1166.49,Pending,REF200117,Internal Transaction System,CUST6224
TXN100118,2026-07-15,2026-07-16,Food Services,Purchase,INR,367.05,Completed,REF200118,Internal Transaction System,CUST5581
TXN100119,2026-07-26,2026-07-27,Digital Store,Purchase,INR,1336.76,Pending,REF200119,Internal Transaction System,CUST7164
TXN100120,2026-07-30,2026-08-01,Retailer B,Refund,USD,2758.46,Pending,REF200120,Internal Transaction System,CUST2722
TXN100121,2026-07-19,2026-07-21,Retailer A,Purchase,USD,1257.66,Completed,REF200121,Internal Transaction System,CUST3153
TXN100122,2026-07-21,2026-07-23,Travel Co,Purchase,GBP,556.16,Completed,REF200122,Internal Transaction System,CUST8567
TXN100123,2026-07-11,2026-07-12,Travel Co,Purchase,INR,1728.57,Completed,REF200123,Internal Transaction System,CUST5374
TXN100124,2026-07-22,2026-07-23,Travel Co,Refund,INR,3760.41,Completed,REF200124,Internal Transaction System,CUST2793
TXN100125,2026-07-25,2026-07-26,Digital Store,Purchase,INR,3462.9,Pending,REF200125,Internal Transaction System,CUST6985
TXN100126,2026-07-17,2026-07-18,Travel Co,Purchase,INR,1868.87,Completed,REF200126,Internal Transaction System,CUST7802
TXN100127,2026-07-13,2026-07-15,Digital Store,Purchase,INR,540.77,Completed,REF200127,Internal Transaction System,CUST3879
TXN100128,2026-07-11,2026-07-13,Digital Store,Purchase,EUR,803.69,Completed,REF200128,Internal Transaction System,CUST8284
TXN100129,2026-07-06,2026-07-07,Utility Co,Purchase,INR,1258.42,Completed,REF200129,Internal Transaction System,CUST1747
TXN100130,2026-07-11,2026-07-14,Travel Co,Purchase,INR,810.72,Completed,REF200130,Internal Transaction System,CUST1086
TXN100131,2026-07-12,2026-07-13,Food Services,Purchase,INR,2332.31,Reversed,REF200131,Internal Transaction System,CUST7716
TXN100132,2026-07-11,2026-07-14,Food Services,Purchase,INR,1237.16,Completed,REF200132,Internal Transaction System,CUST4088
TXN100133,2026-07-01,2026-07-03,Utility Co,Purchase,INR,783.75,Completed,REF200133,Internal Transaction System,CUST7835
TXN100134,2026-07-26,2026-07-27,Retailer B,Purchase,INR,1806.92,Completed,REF200134,Internal Transaction System,CUST5945
TXN100135,2026-07-13,2026-07-15,Retailer A,Purchase,INR,249.73,Completed,REF200135,Internal Transaction System,CUST5421
TXN100136,2026-07-16,2026-07-17,Food Services,Purchase,INR,1644.36,Completed,REF200136,Internal Transaction System,CUST6392
TXN100137,2026-07-15,2026-07-16,Retailer A,Refund,INR,720.07,Completed,REF200137,Internal Transaction System,CUST3069
TXN100138,2026-07-30,2026-07-31,Travel Co,Reversal,INR,1837.53,Completed,REF200138,Internal Transaction System,CUST3712
TXN100139,2026-07-15,2026-07-16,Food Services,Purchase,EUR,1844.54,Completed,REF200139,Internal Transaction System,CUST5621
TXN100140,2026-07-17,2026-07-18,Digital Store,Purchase,EUR,617.2,Completed,REF200140,Internal Transaction System,CUST3817
TXN100141,2026-07-02,2026-07-03,Digital Store,Purchase,USD,639.75,Completed,REF200141,Internal Transaction System,CUST3299
TXN100142,2026-07-03,2026-07-04,Utility Co,Purchase,INR,759.68,Completed,REF200142,Internal Transaction System,CUST2461
TXN100143,2026-07-05,2026-07-06,Retailer A,Purchase,INR,559.97,Completed,REF200143,Internal Transaction System,CUST7992
TXN100144,2026-07-03,2026-07-04,Digital Store,Purchase,INR,3395.61,Completed,REF200144,Internal Transaction System,CUST7709
TXN100145,2026-07-12,2026-07-13,Food Services,Purchase,INR,4444.24,Completed,REF200145,Internal Transaction System,CUST5585
TXN100146,2026-07-02,2026-07-05,Travel Co,Refund,INR,1517.25,Completed,REF200146,Internal Transaction System,CUST2274
TXN100147,2026-07-17,2026-07-19,Travel Co,Purchase,USD,507.29,Completed,REF200147,Internal Transaction System,CUST8909
TXN100148,2026-07-04,2026-07-05,Retailer A,Purchase,INR,174.82,Completed,REF200148,Internal Transaction System,CUST7816
TXN100149,2026-07-19,2026-07-22,Retailer A,Purchase,INR,475.2,Completed,REF200149,Internal Transaction System,CUST4798
TXN100150,2026-07-27,2026-07-30,Retailer B,Purchase,INR,887.41,Completed,REF200150,Internal Transaction System,CUST4063
TXN100151,2026-07-13,2026-07-14,Travel Co,Purchase,INR,2455.05,Completed,REF200151,Internal Transaction System,CUST5421
TXN100152,2026-07-02,2026-07-03,Retailer A,Refund,USD,773.2,Completed,REF200152,Internal Transaction System,CUST1875
TXN100153,2026-07-08,2026-07-10,Travel Co,Purchase,EUR,1820.97,Completed,REF200153,Internal Transaction System,CUST6767
TXN100154,2026-07-26,2026-07-27,Food Services,Refund,INR,1057.42,Reversed,REF200154,Internal Transaction System,CUST7234
TXN100155,2026-07-07,2026-07-09,Digital Store,Purchase,INR,462.46,Completed,REF200155,Internal Transaction System,CUST3245
TXN100156,2026-07-04,2026-07-05,Food Services,Purchase,INR,136.21,Reversed,REF200156,Internal Transaction System,CUST7682
TXN100157,2026-07-21,2026-07-24,Retailer B,Purchase,INR,910.95,Completed,REF200157,Internal Transaction System,CUST1881
TXN100158,2026-07-19,2026-07-20,Utility Co,Purchase,GBP,5058.72,Completed,REF200158,Internal Transaction System,CUST5982
TXN100159,2026-07-10,2026-07-11,Utility Co,Purchase,INR,1134.38,Completed,REF200159,Internal Transaction System,CUST6210
TXN100160,2026-07-15,2026-07-16,Digital Store,Purchase,INR,2051.31,Completed,REF200160,Internal Transaction System,CUST9167
TXN100161,2026-07-05,2026-07-06,Travel Co,Purchase,INR,752.12,Completed,REF200161,Internal Transaction System,CUST3646
TXN100162,2026-07-16,2026-07-18,Retailer B,Purchase,USD,2024.32,Completed,REF200162,Internal Transaction System,CUST5167
TXN100163,2026-07-16,2026-07-17,Retailer A,Reversal,INR,5491.04,Completed,REF200163,Internal Transaction System,CUST8432
TXN100164,2026-07-07,2026-07-08,Utility Co,Purchase,EUR,282.34,Completed,REF200164,Internal Transaction System,CUST2758
TXN100165,2026-07-29,2026-07-31,Retailer B,Purchase,USD,296.7,Completed,REF200165,Internal Transaction System,CUST3498
TXN100166,2026-07-11,2026-07-12,Food Services,Purchase,GBP,1056.79,Completed,REF200166,Internal Transaction System,CUST6667
TXN100167,2026-07-17,2026-07-19,Retailer A,Purchase,INR,274.24,Completed,REF200167,Internal Transaction System,CUST4073
TXN100168,2026-07-28,2026-07-30,Digital Store,Purchase,INR,2154.36,Completed,REF200168,Internal Transaction System,CUST7729
TXN100169,2026-07-12,2026-07-14,Food Services,Purchase,INR,1618.48,Completed,REF200169,Internal Transaction System,CUST5446
TXN100170,2026-07-23,2026-07-24,Travel Co,Purchase,INR,493.41,Completed,REF200170,Internal Transaction System,CUST5887
TXN100171,2026-07-16,2026-07-17,Digital Store,Purchase,INR,1585.69,Completed,REF200171,Internal Transaction System,CUST6607
TXN100172,2026-07-15,2026-07-17,Retailer A,Refund,INR,1001.2,Completed,REF200172,Internal Transaction System,CUST9493
TXN100173,2026-07-30,2026-07-31,Retailer B,Purchase,EUR,3641.2,Reversed,REF200173,Internal Transaction System,CUST4437
TXN100174,2026-07-22,2026-07-24,Travel Co,Purchase,USD,2938.06,Pending,REF200174,Internal Transaction System,CUST9015
TXN100175,2026-07-26,2026-07-28,Travel Co,Refund,INR,541.87,Completed,REF200175,Internal Transaction System,CUST2481
TXN100176,2026-07-20,2026-07-21,Food Services,Purchase,INR,1086.69,Completed,REF200176,Internal Transaction System,CUST2057
TXN100177,2026-07-16,2026-07-17,Retailer A,Purchase,INR,695.08,Completed,REF200177,Internal Transaction System,CUST5886
TXN100178,2026-07-07,2026-07-09,Retailer A,Purchase,INR,1844.3,Completed,REF200178,Internal Transaction System,CUST3699
TXN100179,2026-07-06,2026-07-07,Travel Co,Purchase,USD,14787.92,Completed,REF200179,Internal Transaction System,CUST9524
TXN100180,2026-07-24,2026-07-25,Retailer A,Purchase,INR,2151.55,Completed,REF200180,Internal Transaction System,CUST4422
TXN100181,2026-07-30,2026-07-31,Utility Co,Purchase,INR,873.98,Completed,REF200181,Internal Transaction System,CUST4872
TXN100182,2026-07-04,2026-07-06,Retailer B,Purchase,INR,733.87,Completed,REF200182,Internal Transaction System,CUST4086
TXN100183,2026-07-02,2026-07-03,Retailer B,Purchase,INR,795.04,Completed,REF200183,Internal Transaction System,CUST4021
TXN100184,2026-07-12,2026-07-13,Food Services,Purchase,INR,2939.27,Completed,REF200184,Internal Transaction System,CUST7628
TXN100185,2026-07-03,2026-07-05,Retailer A,Refund,INR,2375.32,Completed,REF200185,Internal Transaction System,CUST2343
TXN100186,2026-07-03,2026-07-04,Travel Co,Purchase,GBP,2358.01,Pending,REF200186,Internal Transaction System,CUST9009
TXN100187,2026-07-16,2026-07-19,Travel Co,Reversal,INR,870.89,Completed,REF200187,Internal Transaction System,CUST4793
TXN100188,2026-07-10,2026-07-12,Utility Co,Reversal,INR,211.68,Reversed,REF200188,Internal Transaction System,CUST3882
TXN100189,2026-07-26,2026-07-28,Retailer A,Purchase,EUR,257.77,Completed,REF200189,Internal Transaction System,CUST6683
TXN100190,2026-07-20,2026-07-23,Travel Co,Purchase,INR,259.39,Completed,REF200190,Internal Transaction System,CUST1316
TXN100191,2026-07-08,2026-07-09,Utility Co,Purchase,USD,1424.74,Pending,REF200191,Internal Transaction System,CUST3455
TXN100192,2026-07-01,2026-07-03,Food Services,Purchase,INR,1127.17,Completed,REF200192,Internal Transaction System,CUST7754
TXN100193,2026-07-27,2026-07-28,Retailer B,Purchase,EUR,1342.4,Completed,REF200193,Internal Transaction System,CUST4404
TXN100194,2026-07-09,2026-07-12,Retailer A,Purchase,EUR,840.91,Completed,REF200194,Internal Transaction System,CUST3969
TXN100195,2026-07-28,2026-07-29,Travel Co,Purchase,GBP,1892.59,Completed,REF200195,Internal Transaction System,CUST6850
TXN100196,2026-07-09,2026-07-11,Digital Store,Purchase,INR,6070.94,Completed,REF200196,Internal Transaction System,CUST6543
TXN100197,2026-07-03,2026-07-05,Retailer A,Purchase,EUR,775.61,Completed,REF200197,Internal Transaction System,CUST7739
TXN100198,2026-07-21,2026-07-22,Food Services,Purchase,INR,1230.33,Completed,REF200198,Internal Transaction System,CUST3513
TXN100199,2026-07-30,2026-08-01,Retailer A,Purchase,INR,150.12,Completed,REF200199,Internal Transaction System,CUST4005
TXN100200,2026-07-24,2026-07-25,Utility Co,Purchase,INR,837.1,Completed,REF200200,Internal Transaction System,CUST9895
TXN100201,2026-07-16,2026-07-19,Travel Co,Purchase,INR,272.35,Completed,REF200201,Internal Transaction System,CUST2610
TXN100202,2026-07-09,2026-07-11,Food Services,Purchase,INR,1960.55,Completed,REF200202,Internal Transaction System,CUST3539
TXN100203,2026-07-06,2026-07-08,Retailer A,Purchase,INR,473.83,Completed,REF200203,Internal Transaction System,CUST5902
TXN100204,2026-07-21,2026-07-22,Retailer B,Purchase,INR,3273.38,Completed,REF200204,Internal Transaction System,CUST4310
TXN100205,2026-07-13,2026-07-15,Utility Co,Purchase,USD,485.02,Completed,REF200205,Internal Transaction System,CUST5162
TXN100206,2026-07-09,2026-07-11,Retailer A,Purchase,INR,690.38,Completed,REF200206,Internal Transaction System,CUST5885
TXN100207,2026-07-08,2026-07-09,Retailer B,Purchase,INR,906.52,Completed,REF200207,Internal Transaction System,CUST1536
TXN100208,2026-07-05,2026-07-07,Digital Store,Purchase,INR,1203.4,Pending,REF200208,Internal Transaction System,CUST7033
TXN100209,2026-07-23,2026-07-25,Retailer B,Purchase,INR,1438.89,Reversed,REF200209,Internal Transaction System,CUST6748
TXN100210,2026-07-04,2026-07-06,Utility Co,Purchase,USD,3048.02,Completed,REF200210,Internal Transaction System,CUST9668
TXN100211,2026-07-10,2026-07-11,Retailer B,Reversal,INR,897.75,Completed,REF200211,Internal Transaction System,CUST9327
TXN100212,2026-07-11,2026-07-12,Utility Co,Purchase,INR,1545.6,Pending,REF200212,Internal Transaction System,CUST8226
TXN100213,2026-07-25,2026-07-26,Travel Co,Purchase,INR,1059.19,Completed,REF200213,Internal Transaction System,CUST9920
TXN100214,2026-07-29,2026-07-31,Travel Co,Purchase,INR,1500.58,Completed,REF200214,Internal Transaction System,CUST2190
TXN100215,2026-07-10,2026-07-11,Digital Store,Reversal,GBP,503.51,Completed,REF200215,Internal Transaction System,CUST7338
TXN100216,2026-07-02,2026-07-03,Digital Store,Refund,INR,3697.35,Completed,REF200216,Internal Transaction System,CUST8825
TXN100217,2026-07-17,2026-07-19,Retailer A,Purchase,INR,655.05,Completed,REF200217,Internal Transaction System,CUST4580
TXN100218,2026-07-23,2026-07-24,Food Services,Purchase,INR,619.65,Completed,REF200218,Internal Transaction System,CUST2921
TXN100219,2026-07-17,2026-07-18,Travel Co,Purchase,USD,2737.71,Completed,REF200219,Internal Transaction System,CUST2973
TXN100220,2026-07-24,2026-07-25,Retailer B,Purchase,EUR,1652.58,Completed,REF200220,Internal Transaction System,CUST1449
TXN100221,2026-07-02,2026-07-05,Food Services,Purchase,INR,1893.23,Pending,REF200221,Internal Transaction System,CUST2642
TXN100222,2026-07-29,2026-07-31,Retailer A,Purchase,INR,693.76,Completed,REF200222,Internal Transaction System,CUST4853
TXN100223,2026-07-15,2026-07-18,Retailer B,Refund,INR,815.17,Pending,REF200223,Internal Transaction System,CUST1442
TXN100224,2026-07-21,2026-07-23,Retailer B,Purchase,USD,1728.06,Completed,REF200224,Internal Transaction System,CUST6247
TXN100225,2026-07-30,2026-08-01,Retailer A,Purchase,USD,895.49,Completed,REF200225,Internal Transaction System,CUST2486
TXN100226,2026-07-31,2026-08-01,Retailer B,Purchase,INR,2210.43,Reversed,REF200226,Internal Transaction System,CUST1097
TXN100227,2026-07-30,2026-07-31,Travel Co,Purchase,INR,2115.61,Completed,REF200227,Internal Transaction System,CUST7662
TXN100228,2026-07-14,2026-07-16,Travel Co,Refund,INR,2973.06,Completed,REF200228,Internal Transaction System,CUST1231
TXN100229,2026-07-21,2026-07-22,Utility Co,Purchase,INR,843.02,Completed,REF200229,Internal Transaction System,CUST9256
TXN100230,2026-07-13,2026-07-14,Retailer B,Purchase,USD,782.27,Completed,REF200230,Internal Transaction System,CUST8276
TXN100231,2026-07-24,2026-07-25,Retailer A,Purchase,INR,364.81,Completed,REF200231,Internal Transaction System,CUST4044
TXN100232,2026-07-06,2026-07-07,Utility Co,Purchase,INR,4195.03,Completed,REF200232,Internal Transaction System,CUST9498
TXN100233,2026-07-28,2026-07-31,Food Services,Purchase,INR,837.57,Completed,REF200233,Internal Transaction System,CUST8189
TXN100234,2026-07-08,2026-07-09,Food Services,Purchase,INR,3753.3,Reversed,REF200234,Internal Transaction System,CUST9123
TXN100235,2026-07-15,2026-07-18,Food Services,Purchase,USD,2372.59,Completed,REF200235,Internal Transaction System,CUST4151
TXN100236,2026-07-29,2026-07-31,Utility Co,Purchase,INR,687.47,Reversed,REF200236,Internal Transaction System,CUST9284
TXN100237,2026-07-24,2026-07-26,Food Services,Purchase,INR,1784.72,Completed,REF200237,Internal Transaction System,CUST3250
TXN100238,2026-07-18,2026-07-19,Utility Co,Purchase,EUR,585.36,Pending,REF200238,Internal Transaction System,CUST2655
TXN100239,2026-07-08,2026-07-09,Retailer B,Refund,INR,1117.41,Completed,REF200239,Internal Transaction System,CUST2174
TXN100240,2026-07-06,2026-07-08,Retailer B,Purchase,INR,2601.03,Pending,REF200240,Internal Transaction System,CUST5170
TXN100241,2026-07-15,2026-07-17,Retailer A,Purchase,INR,1503.03,Completed,REF200241,Internal Transaction System,CUST3488
TXN100242,2026-07-02,2026-07-04,Travel Co,Reversal,INR,1461.52,Pending,REF200242,Internal Transaction System,CUST7717
TXN100243,2026-07-27,2026-07-28,Retailer B,Purchase,EUR,931.6,Completed,REF200243,Internal Transaction System,CUST4284
TXN100244,2026-07-18,2026-07-20,Travel Co,Purchase,INR,1107.03,Completed,REF200244,Internal Transaction System,CUST1624
TXN100245,2026-07-26,2026-07-27,Retailer A,Purchase,INR,968.6,Reversed,REF200245,Internal Transaction System,CUST6320
TXN100246,2026-07-16,2026-07-18,Travel Co,Refund,INR,656.11,Completed,REF200246,Internal Transaction System,CUST4157
TXN100247,2026-07-11,2026-07-12,Retailer A,Purchase,INR,2508.64,Completed,REF200247,Internal Transaction System,CUST6704
TXN100248,2026-07-20,2026-07-23,Retailer B,Reversal,INR,332.71,Completed,REF200248,Internal Transaction System,CUST5193
TXN100249,2026-07-23,2026-07-24,Digital Store,Purchase,INR,766.18,Completed,REF200249,Internal Transaction System,CUST3782
TXN100250,2026-07-17,2026-07-20,Food Services,Purchase,EUR,1308.66,Completed,REF200250,Internal Transaction System,CUST9643
TXN100251,2026-07-25,2026-07-26,Retailer A,Purchase,USD,334.3,Completed,REF200251,Internal Transaction System,CUST3787
TXN100252,2026-07-23,2026-07-24,Utility Co,Purchase,GBP,601.49,Completed,REF200252,Internal Transaction System,CUST4099
TXN100253,2026-07-27,2026-07-28,Digital Store,Refund,INR,761.07,Completed,REF200253,Internal Transaction System,CUST6540
TXN100254,2026-07-06,2026-07-09,Travel Co,Purchase,INR,1470.4,Completed,REF200254,Internal Transaction System,CUST5131
TXN100255,2026-07-07,2026-07-08,Food Services,Purchase,EUR,2144.3,Completed,REF200255,Internal Transaction System,CUST4213
TXN100256,2026-07-18,2026-07-20,Utility Co,Reversal,INR,829.35,Completed,REF200256,Internal Transaction System,CUST3885
TXN100257,2026-07-11,2026-07-12,Retailer A,Refund,INR,3483.92,Pending,REF200257,Internal Transaction System,CUST4859
TXN100258,2026-07-07,2026-07-09,Digital Store,Purchase,INR,5274.93,Completed,REF200258,Internal Transaction System,CUST1546
TXN100259,2026-07-15,2026-07-17,Retailer B,Purchase,INR,668.61,Reversed,REF200259,Internal Transaction System,CUST7967
TXN100260,2026-07-18,2026-07-19,Utility Co,Purchase,INR,1147.87,Completed,REF200260,Internal Transaction System,CUST8039
TXN100261,2026-07-25,2026-07-26,Food Services,Purchase,INR,1538.64,Completed,REF200261,Internal Transaction System,CUST7326
TXN100262,2026-07-10,2026-07-12,Utility Co,Purchase,INR,1232.17,Completed,REF200262,Internal Transaction System,CUST3894
TXN100263,2026-07-12,2026-07-13,Utility Co,Purchase,INR,2176.36,Completed,REF200263,Internal Transaction System,CUST2922
TXN100264,2026-07-18,2026-07-19,Retailer B,Refund,INR,4736.24,Completed,REF200264,Internal Transaction System,CUST5292
TXN100265,2026-07-11,2026-07-12,Retailer B,Purchase,INR,597.44,Completed,REF200265,Internal Transaction System,CUST7422
TXN100266,2026-07-29,2026-07-30,Utility Co,Purchase,INR,145.45,Completed,REF200266,Internal Transaction System,CUST3984
TXN100267,2026-07-07,2026-07-08,Food Services,Purchase,INR,1450.13,Completed,REF200267,Internal Transaction System,CUST1608
TXN100268,2026-07-23,2026-07-24,Food Services,Purchase,INR,703.03,Completed,REF200268,Internal Transaction System,CUST9720
TXN100269,2026-07-17,2026-07-18,Food Services,Purchase,INR,3466.43,Completed,REF200269,Internal Transaction System,CUST3618
TXN100270,2026-07-01,2026-07-02,Digital Store,Purchase,INR,1607.04,Completed,REF200270,Internal Transaction System,CUST7825
TXN100271,2026-07-31,2026-08-01,Food Services,Purchase,USD,2273.92,Pending,REF200271,Internal Transaction System,CUST4198
TXN100272,2026-07-10,2026-07-12,Digital Store,Purchase,INR,1623.39,Completed,REF200272,Internal Transaction System,CUST2950
TXN100273,2026-07-28,2026-07-30,Travel Co,Purchase,INR,3800.26,Completed,REF200273,Internal Transaction System,CUST2320
TXN100274,2026-07-19,2026-07-20,Travel Co,Refund,EUR,906.7,Pending,REF200274,Internal Transaction System,CUST4113
TXN100275,2026-07-06,2026-07-08,Travel Co,Purchase,INR,1980.66,Completed,REF200275,Internal Transaction System,CUST3613
TXN100276,2026-07-05,2026-07-08,Retailer B,Refund,INR,3880.17,Completed,REF200276,Internal Transaction System,CUST4923
TXN100277,2026-07-09,2026-07-10,Food Services,Purchase,EUR,657.27,Pending,REF200277,Internal Transaction System,CUST2333
TXN100278,2026-07-12,2026-07-14,Retailer A,Purchase,USD,1152.8,Reversed,REF200278,Internal Transaction System,CUST6350
TXN100279,2026-07-28,2026-07-29,Retailer A,Purchase,INR,4972.21,Completed,REF200279,Internal Transaction System,CUST1167
TXN100280,2026-07-15,2026-07-16,Food Services,Purchase,INR,1020.64,Completed,REF200280,Internal Transaction System,CUST8446
TXN100281,2026-07-01,2026-07-02,Utility Co,Purchase,EUR,1092.56,Completed,REF200281,Internal Transaction System,CUST1896
TXN100282,2026-07-13,2026-07-15,Food Services,Purchase,INR,1567.12,Completed,REF200282,Internal Transaction System,CUST4888
TXN100283,2026-07-20,2026-07-21,Digital Store,Refund,INR,817.7,Completed,REF200283,Internal Transaction System,CUST4025
TXN100284,2026-07-12,2026-07-13,Utility Co,Purchase,INR,2119.73,Completed,REF200284,Internal Transaction System,CUST3857
TXN100285,2026-07-08,2026-07-10,Retailer A,Purchase,INR,685.91,Reversed,REF200285,Internal Transaction System,CUST2571
TXN100286,2026-07-17,2026-07-20,Digital Store,Refund,USD,557.01,Completed,REF200286,Internal Transaction System,CUST1840
TXN100287,2026-07-02,2026-07-03,Food Services,Purchase,INR,1132.03,Pending,REF200287,Internal Transaction System,CUST6367
TXN100288,2026-07-31,2026-08-02,Retailer B,Reversal,USD,1463.96,Completed,REF200288,Internal Transaction System,CUST3232
TXN100289,2026-07-24,2026-07-26,Retailer B,Purchase,INR,456.32,Completed,REF200289,Internal Transaction System,CUST9980
TXN100290,2026-07-06,2026-07-08,Digital Store,Purchase,INR,556.63,Pending,REF200290,Internal Transaction System,CUST5333
TXN100291,2026-07-24,2026-07-25,Food Services,Purchase,INR,552.28,Completed,REF200291,Internal Transaction System,CUST9345
TXN100292,2026-07-21,2026-07-22,Digital Store,Purchase,INR,666.7,Completed,REF200292,Internal Transaction System,CUST4561
TXN100293,2026-07-25,2026-07-26,Travel Co,Purchase,INR,684.51,Completed,REF200293,Internal Transaction System,CUST8372
TXN100294,2026-07-02,2026-07-05,Retailer A,Purchase,USD,869.35,Completed,REF200294,Internal Transaction System,CUST6580
TXN100295,2026-07-12,2026-07-13,Retailer B,Purchase,INR,1636.1,Completed,REF200295,Internal Transaction System,CUST8988
TXN100296,2026-07-19,2026-07-21,Utility Co,Purchase,INR,966.04,Completed,REF200296,Internal Transaction System,CUST3335
TXN100297,2026-07-25,2026-07-26,Utility Co,Purchase,GBP,1317.66,Completed,REF200297,Internal Transaction System,CUST2090
TXN100298,2026-07-20,2026-07-22,Retailer B,Refund,GBP,154.23,Completed,REF200298,Internal Transaction System,CUST9843
TXN100299,2026-07-28,2026-07-29,Food Services,Purchase,INR,1422.8,Completed,REF200299,Internal Transaction System,CUST8307
TXN100300,2026-07-21,2026-07-23,Utility Co,Purchase,INR,2346.93,Pending,REF200300,Internal Transaction System,CUST3861
TXN100301,2026-07-19,2026-07-21,Food Services,Purchase,EUR,513.34,Completed,REF200301,Internal Transaction System,CUST2518
TXN100302,2026-07-04,2026-07-06,Travel Co,Purchase,INR,3488.0,Pending,REF200302,Internal Transaction System,CUST3559
TXN100303,2026-07-13,2026-07-14,Retailer B,Refund,GBP,268.55,Completed,REF200303,Internal Transaction System,CUST4779
TXN100304,2026-07-13,2026-07-14,Utility Co,Purchase,INR,1788.01,Completed,REF200304,Internal Transaction System,CUST9143
TXN100305,2026-07-18,2026-07-19,Utility Co,Purchase,INR,2206.72,Completed,REF200305,Internal Transaction System,CUST7819
TXN100306,2026-07-13,2026-07-15,Utility Co,Purchase,INR,4828.68,Completed,REF200306,Internal Transaction System,CUST4980
TXN100307,2026-07-06,2026-07-07,Travel Co,Purchase,INR,1409.01,Completed,REF200307,Internal Transaction System,CUST9058
TXN100308,2026-07-08,2026-07-09,Food Services,Reversal,INR,657.84,Completed,REF200308,Internal Transaction System,CUST6999
TXN100309,2026-07-13,2026-07-14,Retailer A,Purchase,EUR,987.22,Completed,REF200309,Internal Transaction System,CUST1904
TXN100310,2026-07-16,2026-07-17,Retailer B,Purchase,INR,1579.38,Completed,REF200310,Internal Transaction System,CUST1600
TXN100311,2026-07-01,2026-07-04,Digital Store,Refund,INR,632.05,Pending,REF200311,Internal Transaction System,CUST6905
TXN100312,2026-07-25,2026-07-28,Utility Co,Purchase,INR,969.27,Pending,REF200312,Internal Transaction System,CUST6201
TXN100313,2026-07-29,2026-07-30,Digital Store,Reversal,INR,340.76,Completed,REF200313,Internal Transaction System,CUST2428
TXN100314,2026-07-03,2026-07-05,Travel Co,Reversal,INR,556.28,Reversed,REF200314,Internal Transaction System,CUST9917
TXN100315,2026-07-23,2026-07-24,Retailer A,Purchase,INR,1706.35,Reversed,REF200315,Internal Transaction System,CUST5835
TXN100316,2026-07-26,2026-07-28,Travel Co,Reversal,INR,762.72,Completed,REF200316,Internal Transaction System,CUST2410
TXN100317,2026-07-05,2026-07-06,Digital Store,Purchase,INR,1504.51,Completed,REF200317,Internal Transaction System,CUST4965
TXN100318,2026-07-08,2026-07-10,Travel Co,Purchase,INR,2344.28,Pending,REF200318,Internal Transaction System,CUST1529
TXN100319,2026-07-04,2026-07-06,Retailer B,Purchase,INR,1795.05,Completed,REF200319,Internal Transaction System,CUST3802
TXN100320,2026-07-08,2026-07-10,Utility Co,Purchase,INR,1189.91,Completed,REF200320,Internal Transaction System,CUST8909
TXN100321,2026-07-21,2026-07-23,Travel Co,Purchase,INR,2534.99,Completed,REF200321,Internal Transaction System,CUST5842
TXN100322,2026-07-27,2026-07-29,Travel Co,Refund,INR,705.32,Completed,REF200322,Internal Transaction System,CUST9419
TXN100323,2026-07-21,2026-07-22,Utility Co,Purchase,USD,681.17,Completed,REF200323,Internal Transaction System,CUST1393
TXN100324,2026-07-08,2026-07-09,Digital Store,Purchase,USD,856.57,Completed,REF200324,Internal Transaction System,CUST7997
TXN100325,2026-07-24,2026-07-27,Digital Store,Refund,EUR,1767.37,Pending,REF200325,Internal Transaction System,CUST9418
TXN100326,2026-07-25,2026-07-27,Retailer B,Purchase,GBP,1001.51,Completed,REF200326,Internal Transaction System,CUST8417
TXN100327,2026-07-14,2026-07-15,Retailer A,Purchase,INR,792.32,Pending,REF200327,Internal Transaction System,CUST1288
TXN100328,2026-07-02,2026-07-03,Retailer B,Purchase,INR,7379.52,Completed,REF200328,Internal Transaction System,CUST8299
TXN100329,2026-07-16,2026-07-17,Utility Co,Purchase,GBP,1117.65,Pending,REF200329,Internal Transaction System,CUST8660
TXN100330,2026-07-12,2026-07-13,Travel Co,Purchase,EUR,3854.35,Pending,REF200330,Internal Transaction System,CUST6536
TXN100331,2026-07-10,2026-07-12,Utility Co,Purchase,INR,600.94,Completed,REF200331,Internal Transaction System,CUST5520
TXN100332,2026-07-07,2026-07-09,Digital Store,Purchase,INR,2451.55,Completed,REF200332,Internal Transaction System,CUST4289
TXN100333,2026-07-08,2026-07-09,Digital Store,Purchase,INR,838.29,Completed,REF200333,Internal Transaction System,CUST7944
TXN100334,2026-07-05,2026-07-06,Retailer A,Refund,USD,503.79,Pending,REF200334,Internal Transaction System,CUST6454
TXN100335,2026-07-21,2026-07-22,Digital Store,Purchase,INR,737.27,Completed,REF200335,Internal Transaction System,CUST2715
TXN100336,2026-07-13,2026-07-15,Travel Co,Purchase,INR,2461.53,Pending,REF200336,Internal Transaction System,CUST1049
TXN100337,2026-07-02,2026-07-04,Digital Store,Purchase,INR,801.49,Completed,REF200337,Internal Transaction System,CUST2817
TXN100338,2026-07-17,2026-07-18,Travel Co,Purchase,USD,1077.88,Completed,REF200338,Internal Transaction System,CUST9406
TXN100339,2026-07-02,2026-07-03,Digital Store,Purchase,EUR,2247.96,Completed,REF200339,Internal Transaction System,CUST3211
TXN100340,2026-07-20,2026-07-21,Food Services,Purchase,INR,383.74,Pending,REF200340,Internal Transaction System,CUST3669
TXN100341,2026-07-27,2026-07-28,Retailer A,Refund,INR,1662.67,Completed,REF200341,Internal Transaction System,CUST2409
TXN100342,2026-07-24,2026-07-27,Utility Co,Purchase,GBP,1246.82,Reversed,REF200342,Internal Transaction System,CUST4170
TXN100343,2026-07-06,2026-07-08,Retailer B,Purchase,INR,2111.81,Completed,REF200343,Internal Transaction System,CUST2173
TXN100344,2026-07-18,2026-07-19,Utility Co,Purchase,INR,873.0,Completed,REF200344,Internal Transaction System,CUST4349
TXN100345,2026-07-13,2026-07-14,Food Services,Reversal,INR,763.61,Completed,REF200345,Internal Transaction System,CUST9731
TXN100346,2026-07-16,2026-07-17,Travel Co,Purchase,INR,4471.07,Completed,REF200346,Internal Transaction System,CUST3276
TXN100347,2026-07-09,2026-07-11,Retailer A,Purchase,INR,610.85,Completed,REF200347,Internal Transaction System,CUST2453
TXN100348,2026-07-20,2026-07-22,Travel Co,Purchase,INR,1509.69,Completed,REF200348,Internal Transaction System,CUST3458
TXN100349,2026-07-02,2026-07-03,Travel Co,Purchase,INR,471.9,Completed,REF200349,Internal Transaction System,CUST9520
TXN100350,2026-07-25,2026-07-27,Food Services,Refund,USD,700.92,Completed,REF200350,Internal Transaction System,CUST7405
TXN100351,2026-07-03,2026-07-06,Retailer A,Purchase,USD,999.06,Completed,REF200351,Internal Transaction System,CUST3523
TXN100352,2026-07-20,2026-07-21,Digital Store,Purchase,EUR,140.62,Completed,REF200352,Internal Transaction System,CUST4174
TXN100353,2026-07-18,2026-07-20,Retailer B,Reversal,INR,991.14,Completed,REF200353,Internal Transaction System,CUST4348
TXN100354,2026-07-31,2026-08-02,Food Services,Purchase,INR,2564.44,Completed,REF200354,Internal Transaction System,CUST6083
TXN100355,2026-07-25,2026-07-26,Retailer A,Purchase,INR,2169.16,Completed,REF200355,Internal Transaction System,CUST3913
TXN100356,2026-07-01,2026-07-03,Travel Co,Purchase,USD,220.03,Completed,REF200356,Internal Transaction System,CUST6254
TXN100357,2026-07-26,2026-07-28,Digital Store,Purchase,EUR,2053.21,Completed,REF200357,Internal Transaction System,CUST4125
TXN100358,2026-07-28,2026-07-30,Digital Store,Reversal,EUR,5967.05,Completed,REF200358,Internal Transaction System,CUST9030
TXN100359,2026-07-08,2026-07-10,Travel Co,Purchase,INR,947.49,Completed,REF200359,Internal Transaction System,CUST5184
TXN100360,2026-07-06,2026-07-08,Travel Co,Refund,INR,3081.41,Completed,REF200360,Internal Transaction System,CUST9535
TXN100361,2026-07-18,2026-07-20,Food Services,Purchase,INR,448.04,Completed,REF200361,Internal Transaction System,CUST5691
TXN100362,2026-07-18,2026-07-19,Utility Co,Purchase,INR,2923.21,Completed,REF200362,Internal Transaction System,CUST6506
TXN100363,2026-07-12,2026-07-13,Utility Co,Purchase,USD,605.12,Completed,REF200363,Internal Transaction System,CUST9517
TXN100364,2026-07-28,2026-07-29,Digital Store,Purchase,INR,779.42,Completed,REF200364,Internal Transaction System,CUST1623
TXN100365,2026-07-23,2026-07-24,Digital Store,Purchase,INR,1396.35,Completed,REF200365,Internal Transaction System,CUST6106
TXN100366,2026-07-19,2026-07-21,Digital Store,Refund,INR,1148.07,Completed,REF200366,Internal Transaction System,CUST8711
TXN100367,2026-07-19,2026-07-20,Retailer B,Purchase,USD,761.18,Completed,REF200367,Internal Transaction System,CUST4517
TXN100368,2026-07-19,2026-07-20,Retailer A,Purchase,INR,1261.29,Reversed,REF200368,Internal Transaction System,CUST2148
TXN100369,2026-07-25,2026-07-28,Retailer A,Purchase,GBP,644.61,Completed,REF200369,Internal Transaction System,CUST7587
TXN100370,2026-07-09,2026-07-10,Retailer B,Reversal,INR,463.45,Completed,REF200370,Internal Transaction System,CUST3425
TXN100371,2026-07-15,2026-07-18,Utility Co,Refund,INR,2478.79,Reversed,REF200371,Internal Transaction System,CUST5689
TXN100372,2026-07-22,2026-07-24,Retailer A,Reversal,GBP,640.28,Completed,REF200372,Internal Transaction System,CUST4677
TXN100373,2026-07-28,2026-07-29,Digital Store,Refund,INR,2149.54,Completed,REF200373,Internal Transaction System,CUST7968
TXN100374,2026-07-06,2026-07-08,Food Services,Purchase,INR,2379.88,Completed,REF200374,Internal Transaction System,CUST9917
TXN100375,2026-07-28,2026-07-29,Travel Co,Purchase,USD,208.62,Reversed,REF200375,Internal Transaction System,CUST5005
TXN100376,2026-07-02,2026-07-04,Utility Co,Purchase,USD,737.73,Completed,REF200376,Internal Transaction System,CUST6144
TXN100377,2026-07-15,2026-07-16,Travel Co,Purchase,INR,1383.45,Completed,REF200377,Internal Transaction System,CUST7286
TXN100378,2026-07-01,2026-07-03,Travel Co,Purchase,EUR,1003.59,Completed,REF200378,Internal Transaction System,CUST3473
TXN100379,2026-07-25,2026-07-26,Retailer B,Purchase,INR,1397.12,Completed,REF200379,Internal Transaction System,CUST1830
TXN100380,2026-07-08,2026-07-10,Retailer B,Refund,INR,1170.98,Completed,REF200380,Internal Transaction System,CUST2962
TXN100381,2026-07-31,2026-08-01,Utility Co,Purchase,INR,532.22,Completed,REF200381,Internal Transaction System,CUST4091
TXN100382,2026-07-01,2026-07-02,Retailer B,Purchase,EUR,926.91,Completed,REF200382,Internal Transaction System,CUST9931
TXN100383,2026-07-23,2026-07-25,Utility Co,Purchase,INR,432.92,Completed,REF200383,Internal Transaction System,CUST1330
TXN100384,2026-07-07,2026-07-08,Travel Co,Refund,INR,566.92,Completed,REF200384,Internal Transaction System,CUST2762
TXN100385,2026-07-23,2026-07-25,Food Services,Purchase,INR,3141.64,Completed,REF200385,Internal Transaction System,CUST4564
TXN100386,2026-07-06,2026-07-08,Digital Store,Purchase,INR,1455.0,Completed,REF200386,Internal Transaction System,CUST8206
TXN100387,2026-07-15,2026-07-17,Retailer B,Purchase,INR,1510.29,Completed,REF200387,Internal Transaction System,CUST9789
TXN100388,2026-07-16,2026-07-17,Retailer B,Purchase,INR,2605.0,Completed,REF200388,Internal Transaction System,CUST9701
TXN100389,2026-07-16,2026-07-17,Retailer A,Purchase,INR,1701.11,Completed,REF200389,Internal Transaction System,CUST7613
TXN100390,2026-07-23,2026-07-26,Food Services,Refund,INR,1233.92,Completed,REF200390,Internal Transaction System,CUST3264
TXN100391,2026-07-25,2026-07-26,Utility Co,Purchase,INR,1716.45,Completed,REF200391,Internal Transaction System,CUST3931
TXN100392,2026-07-27,2026-07-28,Digital Store,Purchase,USD,913.12,Pending,REF200392,Internal Transaction System,CUST7033
TXN100393,2026-07-22,2026-07-24,Digital Store,Purchase,INR,211.89,Completed,REF200393,Internal Transaction System,CUST5764
TXN100394,2026-07-22,2026-07-24,Utility Co,Purchase,INR,728.73,Completed,REF200394,Internal Transaction System,CUST7019
TXN100395,2026-07-11,2026-07-12,Digital Store,Purchase,INR,3071.9,Completed,REF200395,Internal Transaction System,CUST7211
TXN100396,2026-07-20,2026-07-22,Travel Co,Purchase,INR,1547.94,Completed,REF200396,Internal Transaction System,CUST3442
TXN100397,2026-07-13,2026-07-14,Digital Store,Purchase,INR,627.94,Completed,REF200397,Internal Transaction System,CUST2080
TXN100398,2026-07-26,2026-07-27,Digital Store,Purchase,INR,7967.25,Completed,REF200398,Internal Transaction System,CUST9679
TXN100399,2026-07-17,2026-07-18,Retailer A,Purchase,EUR,772.93,Completed,REF200399,Internal Transaction System,CUST7688
TXN100400,2026-07-16,2026-07-17,Retailer B,Purchase,INR,548.8,Completed,REF200400,Internal Transaction System,CUST2448
TXN100401,2026-07-05,2026-07-06,Retailer A,Purchase,USD,1300.9,Completed,REF200401,Internal Transaction System,CUST9379
TXN100402,2026-07-02,2026-07-03,Food Services,Reversal,INR,658.31,Completed,REF200402,Internal Transaction System,CUST7248
TXN100403,2026-07-17,2026-07-19,Utility Co,Purchase,EUR,1660.55,Completed,REF200403,Internal Transaction System,CUST8761
TXN100404,2026-07-23,2026-07-24,Retailer A,Refund,INR,1780.87,Completed,REF200404,Internal Transaction System,CUST8428
TXN100405,2026-07-24,2026-07-26,Digital Store,Purchase,INR,1193.55,Completed,REF200405,Internal Transaction System,CUST8139
TXN100406,2026-07-24,2026-07-25,Retailer A,Purchase,INR,687.36,Reversed,REF200406,Internal Transaction System,CUST2906
TXN100407,2026-07-17,2026-07-19,Retailer B,Refund,INR,193.51,Completed,REF200407,Internal Transaction System,CUST6518
TXN100408,2026-07-15,2026-07-17,Travel Co,Purchase,INR,1003.04,Completed,REF200408,Internal Transaction System,CUST6221
TXN100409,2026-07-24,2026-07-25,Retailer A,Purchase,EUR,477.04,Completed,REF200409,Internal Transaction System,CUST3915
TXN100410,2026-07-22,2026-07-24,Travel Co,Purchase,GBP,260.79,Completed,REF200410,Internal Transaction System,CUST8880
TXN100411,2026-07-04,2026-07-07,Utility Co,Purchase,GBP,1075.12,Completed,REF200411,Internal Transaction System,CUST9569
TXN100412,2026-07-29,2026-07-30,Food Services,Purchase,INR,1709.86,Completed,REF200412,Internal Transaction System,CUST9048
TXN100413,2026-07-17,2026-07-19,Retailer A,Purchase,INR,544.25,Completed,REF200413,Internal Transaction System,CUST2985
TXN100414,2026-07-30,2026-07-31,Retailer B,Purchase,GBP,616.18,Reversed,REF200414,Internal Transaction System,CUST2725
TXN100415,2026-07-04,2026-07-05,Utility Co,Purchase,GBP,929.03,Completed,REF200415,Internal Transaction System,CUST4426
TXN100416,2026-07-20,2026-07-21,Retailer B,Purchase,INR,848.0,Pending,REF200416,Internal Transaction System,CUST5609
TXN100417,2026-07-04,2026-07-05,Utility Co,Purchase,INR,2446.17,Completed,REF200417,Internal Transaction System,CUST3045
TXN100418,2026-07-23,2026-07-24,Travel Co,Purchase,INR,1078.25,Completed,REF200418,Internal Transaction System,CUST9839
TXN100419,2026-07-03,2026-07-04,Food Services,Reversal,INR,354.0,Completed,REF200419,Internal Transaction System,CUST6089
TXN100420,2026-07-09,2026-07-11,Retailer B,Purchase,INR,1356.46,Completed,REF200420,Internal Transaction System,CUST6558
TXN100421,2026-07-21,2026-07-22,Travel Co,Reversal,INR,231.65,Completed,REF200421,Internal Transaction System,CUST2228
TXN100422,2026-07-08,2026-07-09,Utility Co,Purchase,INR,804.88,Completed,REF200422,Internal Transaction System,CUST6528
TXN100423,2026-07-18,2026-07-20,Digital Store,Reversal,INR,1171.67,Completed,REF200423,Internal Transaction System,CUST9156
TXN100424,2026-07-27,2026-07-28,Retailer A,Refund,GBP,1240.3,Completed,REF200424,Internal Transaction System,CUST8855
TXN100425,2026-07-26,2026-07-28,Retailer B,Purchase,INR,1267.23,Completed,REF200425,Internal Transaction System,CUST3736
TXN100426,2026-07-09,2026-07-10,Utility Co,Purchase,INR,2192.67,Completed,REF200426,Internal Transaction System,CUST3776
TXN100427,2026-07-15,2026-07-17,Food Services,Purchase,INR,3928.61,Completed,REF200427,Internal Transaction System,CUST7796
TXN100428,2026-07-23,2026-07-25,Retailer A,Purchase,INR,2158.19,Pending,REF200428,Internal Transaction System,CUST6492
TXN100429,2026-07-01,2026-07-02,Food Services,Refund,INR,944.83,Completed,REF200429,Internal Transaction System,CUST1002
TXN100430,2026-07-25,2026-07-26,Utility Co,Purchase,INR,1555.12,Completed,REF200430,Internal Transaction System,CUST5805
TXN100431,2026-07-12,2026-07-15,Utility Co,Purchase,INR,1740.36,Reversed,REF200431,Internal Transaction System,CUST1345
TXN100432,2026-07-09,2026-07-10,Utility Co,Purchase,INR,2682.22,Completed,REF200432,Internal Transaction System,CUST5837
TXN100433,2026-07-09,2026-07-10,Retailer A,Purchase,INR,366.12,Completed,REF200433,Internal Transaction System,CUST6316
TXN100434,2026-07-20,2026-07-21,Digital Store,Purchase,INR,112.61,Completed,REF200434,Internal Transaction System,CUST5924
TXN100435,2026-07-29,2026-07-30,Retailer B,Purchase,INR,2656.66,Completed,REF200435,Internal Transaction System,CUST9843
TXN100436,2026-07-14,2026-07-16,Digital Store,Purchase,INR,845.79,Completed,REF200436,Internal Transaction System,CUST5145
TXN100437,2026-07-03,2026-07-06,Utility Co,Refund,INR,1559.61,Completed,REF200437,Internal Transaction System,CUST5076
TXN100438,2026-07-20,2026-07-23,Digital Store,Purchase,INR,1529.98,Completed,REF200438,Internal Transaction System,CUST6516
TXN100439,2026-07-26,2026-07-27,Travel Co,Purchase,INR,331.35,Pending,REF200439,Internal Transaction System,CUST1393
TXN100440,2026-07-05,2026-07-06,Retailer A,Purchase,INR,460.76,Reversed,REF200440,Internal Transaction System,CUST9750
TXN100441,2026-07-16,2026-07-18,Travel Co,Purchase,INR,1493.0,Completed,REF200441,Internal Transaction System,CUST4164
TXN100442,2026-07-22,2026-07-23,Travel Co,Purchase,EUR,937.14,Completed,REF200442,Internal Transaction System,CUST1895
TXN100443,2026-07-02,2026-07-04,Utility Co,Purchase,EUR,1397.37,Completed,REF200443,Internal Transaction System,CUST7196
TXN100444,2026-07-03,2026-07-04,Retailer A,Purchase,INR,654.9,Pending,REF200444,Internal Transaction System,CUST1658
TXN100445,2026-07-27,2026-07-29,Travel Co,Purchase,INR,1411.81,Completed,REF200445,Internal Transaction System,CUST2947
TXN100446,2026-07-16,2026-07-17,Retailer A,Purchase,USD,592.15,Completed,REF200446,Internal Transaction System,CUST4935
TXN100447,2026-07-20,2026-07-21,Food Services,Purchase,INR,1004.46,Completed,REF200447,Internal Transaction System,CUST5679
TXN100448,2026-07-24,2026-07-25,Travel Co,Purchase,INR,1246.02,Completed,REF200448,Internal Transaction System,CUST4061
TXN100449,2026-07-18,2026-07-20,Digital Store,Refund,INR,884.25,Pending,REF200449,Internal Transaction System,CUST6634
TXN100450,2026-07-29,2026-07-30,Utility Co,Purchase,USD,2194.49,Completed,REF200450,Internal Transaction System,CUST4968
TXN100451,2026-07-06,2026-07-08,Digital Store,Purchase,INR,1469.56,Completed,REF200451,Internal Transaction System,CUST6640
TXN100452,2026-07-22,2026-07-24,Utility Co,Purchase,INR,1117.05,Completed,REF200452,Internal Transaction System,CUST4403
TXN100453,2026-07-01,2026-07-02,Utility Co,Purchase,GBP,1725.17,Completed,REF200453,Internal Transaction System,CUST2598
TXN100454,2026-07-27,2026-07-30,Travel Co,Refund,INR,1659.01,Completed,REF200454,Internal Transaction System,CUST9942
TXN100455,2026-07-25,2026-07-27,Food Services,Refund,EUR,767.34,Pending,REF200455,Internal Transaction System,CUST6660
TXN100456,2026-07-25,2026-07-27,Utility Co,Purchase,INR,548.06,Completed,REF200456,Internal Transaction System,CUST5518
TXN100457,2026-07-24,2026-07-25,Digital Store,Reversal,INR,1877.25,Reversed,REF200457,Internal Transaction System,CUST2355
TXN100458,2026-07-20,2026-07-21,Travel Co,Purchase,INR,295.02,Completed,REF200458,Internal Transaction System,CUST5799
TXN100459,2026-07-05,2026-07-06,Food Services,Purchase,INR,1870.68,Completed,REF200459,Internal Transaction System,CUST4899
TXN100460,2026-07-24,2026-07-27,Retailer A,Purchase,USD,1183.81,Completed,REF200460,Internal Transaction System,CUST7356
TXN100461,2026-07-05,2026-07-06,Travel Co,Purchase,INR,1565.02,Completed,REF200461,Internal Transaction System,CUST7970
TXN100462,2026-07-26,2026-07-28,Digital Store,Reversal,INR,2631.45,Pending,REF200462,Internal Transaction System,CUST1305
TXN100463,2026-07-02,2026-07-03,Digital Store,Purchase,GBP,2863.94,Completed,REF200463,Internal Transaction System,CUST9493
TXN100464,2026-07-18,2026-07-19,Digital Store,Purchase,EUR,383.01,Completed,REF200464,Internal Transaction System,CUST5239
TXN100465,2026-07-17,2026-07-18,Digital Store,Purchase,USD,793.88,Completed,REF200465,Internal Transaction System,CUST8064
TXN100466,2026-07-06,2026-07-07,Digital Store,Purchase,INR,453.14,Completed,REF200466,Internal Transaction System,CUST6849
TXN100467,2026-07-30,2026-08-02,Utility Co,Purchase,INR,2165.4,Pending,REF200467,Internal Transaction System,CUST9207
TXN100468,2026-07-08,2026-07-10,Retailer A,Purchase,USD,342.91,Reversed,REF200468,Internal Transaction System,CUST7355
TXN100469,2026-07-04,2026-07-07,Digital Store,Purchase,INR,1629.6,Reversed,REF200469,Internal Transaction System,CUST3684
TXN100470,2026-07-20,2026-07-21,Food Services,Purchase,INR,754.48,Completed,REF200470,Internal Transaction System,CUST4740
TXN100471,2026-07-17,2026-07-19,Travel Co,Purchase,INR,1167.05,Completed,REF200471,Internal Transaction System,CUST2859
TXN100472,2026-07-24,2026-07-25,Retailer A,Purchase,INR,366.51,Completed,REF200472,Internal Transaction System,CUST9102
TXN100473,2026-07-31,2026-08-02,Digital Store,Reversal,USD,3346.64,Completed,REF200473,Internal Transaction System,CUST4974
TXN100474,2026-07-07,2026-07-09,Food Services,Purchase,USD,1680.83,Completed,REF200474,Internal Transaction System,CUST5725
TXN100475,2026-07-10,2026-07-12,Utility Co,Purchase,INR,2537.86,Completed,REF200475,Internal Transaction System,CUST9321
TXN100476,2026-07-22,2026-07-24,Retailer A,Purchase,INR,785.68,Completed,REF200476,Internal Transaction System,CUST2647
TXN100477,2026-07-27,2026-07-29,Travel Co,Purchase,INR,1280.77,Completed,REF200477,Internal Transaction System,CUST9580
TXN100478,2026-07-16,2026-07-17,Food Services,Refund,INR,1726.09,Completed,REF200478,Internal Transaction System,CUST2278
TXN100479,2026-07-22,2026-07-24,Food Services,Purchase,INR,2075.06,Completed,REF200479,Internal Transaction System,CUST3371
TXN100480,2026-07-02,2026-07-05,Food Services,Purchase,INR,4160.59,Completed,REF200480,Internal Transaction System,CUST6776
TXN100481,2026-07-23,2026-07-25,Travel Co,Reversal,INR,928.81,Completed,REF200481,Internal Transaction System,CUST4789
TXN100482,2026-07-24,2026-07-26,Utility Co,Refund,USD,2976.15,Completed,REF200482,Internal Transaction System,CUST5851
TXN100483,2026-07-19,2026-07-21,Digital Store,Purchase,INR,2590.45,Completed,REF200483,Internal Transaction System,CUST9663
TXN100484,2026-07-16,2026-07-17,Travel Co,Purchase,INR,5503.09,Pending,REF200484,Internal Transaction System,CUST1745
TXN100485,2026-07-27,2026-07-28,Utility Co,Refund,USD,711.05,Completed,REF200485,Internal Transaction System,CUST1838
TXN100486,2026-07-14,2026-07-15,Retailer A,Purchase,USD,3506.21,Completed,REF200486,Internal Transaction System,CUST5860
TXN100487,2026-07-07,2026-07-09,Travel Co,Refund,INR,1130.33,Completed,REF200487,Internal Transaction System,CUST8000
TXN100488,2026-07-23,2026-07-26,Travel Co,Purchase,INR,890.21,Completed,REF200488,Internal Transaction System,CUST6724
TXN100489,2026-07-08,2026-07-11,Travel Co,Purchase,EUR,2778.3,Completed,REF200489,Internal Transaction System,CUST4657
TXN100490,2026-07-24,2026-07-26,Retailer B,Purchase,INR,1632.68,Completed,REF200490,Internal Transaction System,CUST4360
TXN100491,2026-07-21,2026-07-22,Retailer A,Reversal,INR,371.5,Pending,REF200491,Internal Transaction System,CUST3800
TXN100492,2026-07-25,2026-07-26,Retailer B,Purchase,GBP,3086.11,Completed,REF200492,Internal Transaction System,CUST2534
TXN100493,2026-07-16,2026-07-17,Travel Co,Purchase,GBP,510.55,Completed,REF200493,Internal Transaction System,CUST3505
TXN100494,2026-07-02,2026-07-03,Retailer B,Purchase,GBP,2016.39,Completed,REF200494,Internal Transaction System,CUST3069
TXN100495,2026-07-25,2026-07-26,Retailer A,Purchase,INR,2551.98,Completed,REF200495,Internal Transaction System,CUST7502
TXN100496,2026-07-25,2026-07-26,Retailer A,Purchase,INR,1407.54,Completed,REF200496,Internal Transaction System,CUST9085
TXN100497,2026-07-26,2026-07-27,Utility Co,Purchase,INR,1605.02,Completed,REF200497,Internal Transaction System,CUST6350
TXN100498,2026-07-04,2026-07-05,Utility Co,Purchase,INR,1219.34,Completed,REF200498,Internal Transaction System,CUST1670
TXN100499,2026-07-02,2026-07-04,Retailer B,Purchase,INR,614.66,Completed,REF200499,Internal Transaction System,CUST5779
TXN100500,2026-07-24,2026-07-26,Food Services,Purchase,USD,830.41,Completed,REF200500,Internal Transaction System,CUST3474
TXN100501,2026-07-26,2026-07-27,Food Services,Purchase,EUR,2836.14,Completed,REF200501,Internal Transaction System,CUST5238
TXN100502,2026-07-10,2026-07-11,Retailer B,Reversal,INR,789.8,Completed,REF200502,Internal Transaction System,CUST8202
TXN100503,2026-07-06,2026-07-08,Retailer B,Purchase,INR,1528.98,Completed,REF200503,Internal Transaction System,CUST6542
TXN100504,2026-07-24,2026-07-25,Retailer A,Refund,INR,1563.89,Completed,REF200504,Internal Transaction System,CUST3705
TXN100505,2026-07-10,2026-07-11,Utility Co,Purchase,INR,920.81,Completed,REF200505,Internal Transaction System,CUST5624
TXN100506,2026-07-15,2026-07-17,Digital Store,Purchase,INR,1015.49,Completed,REF200506,Internal Transaction System,CUST6107
TXN100507,2026-07-25,2026-07-27,Travel Co,Purchase,INR,5499.21,Completed,REF200507,Internal Transaction System,CUST1822
TXN100508,2026-07-20,2026-07-21,Food Services,Purchase,INR,285.46,Completed,REF200508,Internal Transaction System,CUST4054
TXN100509,2026-07-02,2026-07-03,Utility Co,Purchase,INR,793.47,Completed,REF200509,Internal Transaction System,CUST9558
TXN100510,2026-07-11,2026-07-12,Utility Co,Purchase,INR,716.87,Completed,REF200510,Internal Transaction System,CUST2327
TXN100511,2026-07-28,2026-07-29,Travel Co,Purchase,GBP,1203.62,Completed,REF200511,Internal Transaction System,CUST7187
TXN100512,2026-07-09,2026-07-11,Travel Co,Purchase,INR,441.85,Completed,REF200512,Internal Transaction System,CUST1151
TXN100513,2026-07-02,2026-07-03,Retailer A,Purchase,INR,4589.48,Completed,REF200513,Internal Transaction System,CUST4046
TXN100514,2026-07-16,2026-07-17,Digital Store,Refund,INR,849.75,Completed,REF200514,Internal Transaction System,CUST7182
TXN100515,2026-07-31,2026-08-01,Travel Co,Purchase,INR,1270.33,Completed,REF200515,Internal Transaction System,CUST9557
TXN100516,2026-07-19,2026-07-20,Travel Co,Reversal,USD,1459.57,Completed,REF200516,Internal Transaction System,CUST7852
TXN100517,2026-07-30,2026-07-31,Travel Co,Refund,INR,698.56,Reversed,REF200517,Internal Transaction System,CUST7896
TXN100518,2026-07-22,2026-07-23,Retailer B,Purchase,INR,942.58,Completed,REF200518,Internal Transaction System,CUST2844
TXN100519,2026-07-09,2026-07-10,Digital Store,Purchase,USD,1488.87,Completed,REF200519,Internal Transaction System,CUST1196
TXN100520,2026-07-10,2026-07-11,Travel Co,Refund,INR,1512.72,Completed,REF200520,Internal Transaction System,CUST3559
TXN100521,2026-07-03,2026-07-05,Retailer A,Purchase,INR,2365.64,Completed,REF200521,Internal Transaction System,CUST1774
TXN100522,2026-07-11,2026-07-13,Travel Co,Refund,INR,1456.03,Pending,REF200522,Internal Transaction System,CUST6909
TXN100523,2026-07-09,2026-07-11,Utility Co,Purchase,EUR,1427.01,Completed,REF200523,Internal Transaction System,CUST9607
TXN100524,2026-07-04,2026-07-06,Travel Co,Purchase,INR,900.45,Completed,REF200524,Internal Transaction System,CUST8071
TXN100525,2026-07-01,2026-07-02,Utility Co,Purchase,GBP,423.11,Completed,REF200525,Internal Transaction System,CUST4182
TXN100526,2026-07-12,2026-07-13,Retailer A,Purchase,INR,2183.55,Completed,REF200526,Internal Transaction System,CUST1361
TXN100527,2026-07-29,2026-07-31,Travel Co,Purchase,INR,501.34,Completed,REF200527,Internal Transaction System,CUST1114
TXN100528,2026-07-24,2026-07-25,Travel Co,Purchase,INR,796.94,Completed,REF200528,Internal Transaction System,CUST7726
TXN100529,2026-07-23,2026-07-25,Retailer A,Purchase,INR,931.08,Completed,REF200529,Internal Transaction System,CUST8008
TXN100530,2026-07-01,2026-07-02,Utility Co,Purchase,USD,522.61,Completed,REF200530,Internal Transaction System,CUST6949
TXN100531,2026-07-07,2026-07-09,Food Services,Refund,GBP,1563.9,Pending,REF200531,Internal Transaction System,CUST2322
TXN100532,2026-07-07,2026-07-08,Retailer A,Reversal,INR,375.79,Completed,REF200532,Internal Transaction System,CUST3451
TXN100533,2026-07-06,2026-07-09,Retailer A,Purchase,USD,1154.96,Reversed,REF200533,Internal Transaction System,CUST6848
TXN100534,2026-07-01,2026-07-03,Travel Co,Refund,INR,546.35,Completed,REF200534,Internal Transaction System,CUST5368
TXN100535,2026-07-25,2026-07-27,Food Services,Reversal,EUR,533.42,Completed,REF200535,Internal Transaction System,CUST5777
TXN100536,2026-07-22,2026-07-24,Travel Co,Purchase,INR,598.82,Completed,REF200536,Internal Transaction System,CUST9297
TXN100537,2026-07-15,2026-07-16,Utility Co,Purchase,EUR,726.55,Pending,REF200537,Internal Transaction System,CUST2116
TXN100538,2026-07-10,2026-07-11,Digital Store,Purchase,USD,10104.02,Pending,REF200538,Internal Transaction System,CUST6678
TXN100539,2026-07-05,2026-07-07,Utility Co,Purchase,INR,3900.05,Reversed,REF200539,Internal Transaction System,CUST6565
TXN100540,2026-07-08,2026-07-10,Retailer A,Purchase,INR,1951.55,Completed,REF200540,Internal Transaction System,CUST8963
TXN100541,2026-07-30,2026-07-31,Travel Co,Purchase,INR,624.37,Completed,REF200541,Internal Transaction System,CUST8528
TXN100542,2026-07-22,2026-07-23,Digital Store,Purchase,GBP,1369.75,Completed,REF200542,Internal Transaction System,CUST5840
TXN100543,2026-07-23,2026-07-24,Retailer A,Purchase,INR,466.73,Completed,REF200543,Internal Transaction System,CUST2454
TXN100544,2026-07-20,2026-07-21,Retailer A,Purchase,INR,287.31,Completed,REF200544,Internal Transaction System,CUST8503
TXN100545,2026-07-13,2026-07-14,Travel Co,Purchase,INR,354.48,Completed,REF200545,Internal Transaction System,CUST9498
TXN100546,2026-07-17,2026-07-18,Travel Co,Purchase,INR,5000.34,Completed,REF200546,Internal Transaction System,CUST9230
TXN100547,2026-07-17,2026-07-18,Utility Co,Purchase,USD,920.36,Completed,REF200547,Internal Transaction System,CUST7075
TXN100548,2026-07-23,2026-07-26,Travel Co,Purchase,INR,256.94,Reversed,REF200548,Internal Transaction System,CUST6107
TXN100549,2026-07-12,2026-07-13,Travel Co,Purchase,INR,1087.59,Completed,REF200549,Internal Transaction System,CUST8264
TXN100550,2026-07-20,2026-07-22,Retailer B,Purchase,INR,667.81,Completed,REF200550,Internal Transaction System,CUST3626
TXN100551,2026-07-19,2026-07-21,Retailer B,Purchase,INR,3545.24,Completed,REF200551,Internal Transaction System,CUST6268
TXN100552,2026-07-20,2026-07-21,Utility Co,Purchase,INR,177.58,Completed,REF200552,Internal Transaction System,CUST1838
TXN100553,2026-07-12,2026-07-13,Travel Co,Purchase,USD,1185.52,Completed,REF200553,Internal Transaction System,CUST3829
TXN100554,2026-07-15,2026-07-16,Retailer A,Purchase,EUR,1496.25,Completed,REF200554,Internal Transaction System,CUST9806
TXN100555,2026-07-13,2026-07-16,Digital Store,Refund,EUR,6273.71,Completed,REF200555,Internal Transaction System,CUST6240
TXN100556,2026-07-02,2026-07-05,Retailer A,Refund,INR,171.02,Completed,REF200556,Internal Transaction System,CUST9213
TXN100557,2026-07-30,2026-08-01,Retailer A,Purchase,INR,985.28,Completed,REF200557,Internal Transaction System,CUST7534
TXN100558,2026-07-30,2026-07-31,Utility Co,Purchase,INR,686.32,Completed,REF200558,Internal Transaction System,CUST8758
TXN100559,2026-07-30,2026-07-31,Retailer A,Purchase,GBP,357.53,Completed,REF200559,Internal Transaction System,CUST2700
TXN100560,2026-07-05,2026-07-07,Travel Co,Reversal,INR,1694.89,Completed,REF200560,Internal Transaction System,CUST2092
TXN100561,2026-07-27,2026-07-29,Utility Co,Purchase,INR,183.57,Completed,REF200561,Internal Transaction System,CUST8774
TXN100562,2026-07-04,2026-07-05,Retailer B,Purchase,INR,530.99,Completed,REF200562,Internal Transaction System,CUST4076
TXN100563,2026-07-05,2026-07-06,Travel Co,Purchase,INR,253.59,Completed,REF200563,Internal Transaction System,CUST8416
TXN100564,2026-07-26,2026-07-28,Utility Co,Refund,EUR,4648.46,Completed,REF200564,Internal Transaction System,CUST6490
TXN100565,2026-07-23,2026-07-24,Retailer A,Purchase,INR,608.96,Completed,REF200565,Internal Transaction System,CUST2676
TXN100566,2026-07-16,2026-07-17,Food Services,Purchase,INR,530.47,Completed,REF200566,Internal Transaction System,CUST5593
TXN100567,2026-07-23,2026-07-25,Retailer B,Purchase,INR,1016.15,Completed,REF200567,Internal Transaction System,CUST3763
TXN100568,2026-07-11,2026-07-14,Travel Co,Reversal,INR,828.74,Pending,REF200568,Internal Transaction System,CUST2634
TXN100569,2026-07-12,2026-07-13,Retailer A,Purchase,INR,381.86,Pending,REF200569,Internal Transaction System,CUST4972
TXN100570,2026-07-26,2026-07-27,Food Services,Purchase,USD,803.04,Completed,REF200570,Internal Transaction System,CUST2544
TXN100571,2026-07-26,2026-07-28,Digital Store,Purchase,INR,2422.81,Completed,REF200571,Internal Transaction System,CUST4234
TXN100572,2026-07-04,2026-07-05,Retailer B,Refund,INR,378.48,Completed,REF200572,Internal Transaction System,CUST4147
TXN100573,2026-07-10,2026-07-12,Utility Co,Refund,INR,401.74,Pending,REF200573,Internal Transaction System,CUST3029
TXN100574,2026-07-26,2026-07-28,Retailer A,Purchase,USD,402.27,Completed,REF200574,Internal Transaction System,CUST3842
TXN100575,2026-07-08,2026-07-09,Digital Store,Purchase,INR,350.24,Completed,REF200575,Internal Transaction System,CUST5137
TXN100576,2026-07-08,2026-07-09,Retailer B,Purchase,USD,294.35,Completed,REF200576,Internal Transaction System,CUST4239
TXN100577,2026-07-08,2026-07-09,Food Services,Purchase,INR,1919.59,Completed,REF200577,Internal Transaction System,CUST9395
TXN100578,2026-07-20,2026-07-22,Travel Co,Purchase,INR,8004.23,Completed,REF200578,Internal Transaction System,CUST7555
TXN100579,2026-07-14,2026-07-16,Retailer B,Purchase,INR,3905.03,Completed,REF200579,Internal Transaction System,CUST8616
TXN100580,2026-07-15,2026-07-16,Retailer B,Purchase,INR,2819.4,Completed,REF200580,Internal Transaction System,CUST4893
TXN100581,2026-07-26,2026-07-28,Travel Co,Purchase,INR,1411.31,Pending,REF200581,Internal Transaction System,CUST6972
TXN100582,2026-07-25,2026-07-27,Travel Co,Purchase,INR,1724.85,Reversed,REF200582,Internal Transaction System,CUST5864
TXN100583,2026-07-01,2026-07-02,Digital Store,Refund,INR,1308.98,Completed,REF200583,Internal Transaction System,CUST3622
TXN100584,2026-07-11,2026-07-12,Food Services,Purchase,INR,2990.14,Completed,REF200584,Internal Transaction System,CUST5552
TXN100585,2026-07-10,2026-07-11,Retailer A,Purchase,EUR,997.63,Completed,REF200585,Internal Transaction System,CUST4762
TXN100586,2026-07-20,2026-07-22,Travel Co,Purchase,USD,669.9,Completed,REF200586,Internal Transaction System,CUST2453
TXN100587,2026-07-28,2026-07-29,Food Services,Purchase,USD,576.12,Completed,REF200587,Internal Transaction System,CUST3000
TXN100588,2026-07-09,2026-07-10,Food Services,Purchase,INR,455.46,Completed,REF200588,Internal Transaction System,CUST2640
TXN100589,2026-07-04,2026-07-05,Digital Store,Purchase,INR,491.97,Completed,REF200589,Internal Transaction System,CUST1534
TXN100590,2026-07-10,2026-07-11,Digital Store,Purchase,INR,1224.64,Reversed,REF200590,Internal Transaction System,CUST6388
TXN100591,2026-07-21,2026-07-22,Retailer B,Purchase,EUR,971.41,Reversed,REF200591,Internal Transaction System,CUST8081
TXN100592,2026-07-23,2026-07-24,Retailer A,Purchase,INR,918.93,Completed,REF200592,Internal Transaction System,CUST5139
TXN100593,2026-07-17,2026-07-18,Retailer A,Purchase,INR,779.95,Completed,REF200593,Internal Transaction System,CUST4850
TXN100594,2026-07-16,2026-07-18,Travel Co,Purchase,INR,701.58,Reversed,REF200594,Internal Transaction System,CUST2880
TXN100595,2026-07-07,2026-07-09,Retailer A,Purchase,INR,1013.81,Completed,REF200595,Internal Transaction System,CUST5494
TXN100596,2026-07-13,2026-07-14,Travel Co,Purchase,USD,2096.03,Pending,REF200596,Internal Transaction System,CUST9301
TXN100597,2026-07-27,2026-07-29,Food Services,Purchase,INR,3052.33,Completed,REF200597,Internal Transaction System,CUST2513
TXN100598,2026-07-31,2026-08-01,Retailer B,Purchase,INR,556.91,Completed,REF200598,Internal Transaction System,CUST1831
TXN100599,2026-07-12,2026-07-13,Retailer B,Purchase,INR,1249.0,Completed,REF200599,Internal Transaction System,CUST1143
TXN100600,2026-07-12,2026-07-13,Retailer B,Purchase,USD,770.05,Completed,REF200600,Internal Transaction System,CUST5607
TXN100601,2026-07-29,2026-07-30,Digital Store,Purchase,GBP,3261.35,Completed,REF200601,Internal Transaction System,CUST6019
TXN100602,2026-07-23,2026-07-25,Retailer B,Reversal,INR,1675.7,Completed,REF200602,Internal Transaction System,CUST9089
TXN100603,2026-07-06,2026-07-07,Utility Co,Purchase,INR,1537.63,Completed,REF200603,Internal Transaction System,CUST8080
TXN100604,2026-07-25,2026-07-26,Retailer B,Purchase,INR,1360.68,Completed,REF200604,Internal Transaction System,CUST5079
TXN100605,2026-07-04,2026-07-06,Retailer B,Purchase,EUR,1685.01,Reversed,REF200605,Internal Transaction System,CUST2789
TXN100606,2026-07-08,2026-07-10,Retailer A,Purchase,INR,6978.0,Completed,REF200606,Internal Transaction System,CUST6533
TXN100607,2026-07-20,2026-07-22,Travel Co,Refund,INR,1897.7,Completed,REF200607,Internal Transaction System,CUST7533
TXN100608,2026-07-13,2026-07-14,Digital Store,Purchase,EUR,202.5,Pending,REF200608,Internal Transaction System,CUST6352
TXN100609,2026-07-07,2026-07-09,Digital Store,Purchase,INR,2331.96,Completed,REF200609,Internal Transaction System,CUST9725
TXN100610,2026-07-04,2026-07-06,Digital Store,Purchase,INR,970.44,Completed,REF200610,Internal Transaction System,CUST3109
TXN100611,2026-07-19,2026-07-21,Utility Co,Purchase,EUR,735.25,Completed,REF200611,Internal Transaction System,CUST3691
TXN100612,2026-07-25,2026-07-27,Utility Co,Purchase,INR,1199.22,Completed,REF200612,Internal Transaction System,CUST3787
TXN100613,2026-07-20,2026-07-21,Retailer B,Purchase,INR,268.52,Completed,REF200613,Internal Transaction System,CUST9157
TXN100614,2026-07-27,2026-07-28,Travel Co,Purchase,USD,1491.51,Pending,REF200614,Internal Transaction System,CUST4421
TXN100615,2026-07-08,2026-07-09,Food Services,Purchase,INR,1418.19,Completed,REF200615,Internal Transaction System,CUST6406
TXN100616,2026-07-22,2026-07-24,Utility Co,Purchase,INR,3505.33,Completed,REF200616,Internal Transaction System,CUST8662
TXN100617,2026-07-30,2026-08-02,Digital Store,Purchase,INR,502.73,Completed,REF200617,Internal Transaction System,CUST7473
TXN100618,2026-07-23,2026-07-25,Retailer B,Refund,USD,832.46,Completed,REF200618,Internal Transaction System,CUST5405
TXN100619,2026-07-25,2026-07-26,Digital Store,Purchase,INR,3531.18,Completed,REF200619,Internal Transaction System,CUST9791
TXN100620,2026-07-28,2026-07-30,Digital Store,Purchase,INR,1342.73,Completed,REF200620,Internal Transaction System,CUST1418
TXN100621,2026-07-22,2026-07-23,Retailer A,Purchase,EUR,391.42,Completed,REF200621,Internal Transaction System,CUST7430
TXN100622,2026-07-03,2026-07-04,Utility Co,Purchase,INR,683.24,Completed,REF200622,Internal Transaction System,CUST5293
TXN100623,2026-07-06,2026-07-08,Retailer B,Purchase,INR,1734.16,Pending,REF200623,Internal Transaction System,CUST9634
TXN100624,2026-07-27,2026-07-29,Retailer A,Purchase,INR,1865.55,Completed,REF200624,Internal Transaction System,CUST8556
TXN100625,2026-07-08,2026-07-09,Food Services,Purchase,INR,1219.92,Completed,REF200625,Internal Transaction System,CUST6834
TXN100626,2026-07-27,2026-07-28,Retailer B,Refund,INR,1375.32,Completed,REF200626,Internal Transaction System,CUST2631
TXN100627,2026-07-14,2026-07-15,Utility Co,Reversal,INR,1154.66,Completed,REF200627,Internal Transaction System,CUST4473
TXN100628,2026-07-23,2026-07-24,Retailer A,Purchase,INR,370.82,Completed,REF200628,Internal Transaction System,CUST7310
TXN100629,2026-07-27,2026-07-28,Digital Store,Purchase,EUR,582.53,Completed,REF200629,Internal Transaction System,CUST2097
TXN100630,2026-07-05,2026-07-07,Digital Store,Purchase,INR,430.2,Completed,REF200630,Internal Transaction System,CUST7301
TXN100631,2026-07-04,2026-07-05,Retailer A,Purchase,INR,1039.63,Completed,REF200631,Internal Transaction System,CUST3497
TXN100632,2026-07-24,2026-07-26,Retailer A,Purchase,EUR,3236.24,Completed,REF200632,Internal Transaction System,CUST8093
TXN100633,2026-07-02,2026-07-05,Utility Co,Purchase,INR,1885.41,Pending,REF200633,Internal Transaction System,CUST1485
TXN100634,2026-07-26,2026-07-27,Retailer B,Purchase,INR,1232.05,Completed,REF200634,Internal Transaction System,CUST8528
TXN100635,2026-07-28,2026-07-29,Digital Store,Purchase,INR,1135.97,Completed,REF200635,Internal Transaction System,CUST3626
TXN100636,2026-07-16,2026-07-17,Utility Co,Refund,INR,1357.73,Completed,REF200636,Internal Transaction System,CUST6201
TXN100637,2026-07-30,2026-07-31,Travel Co,Purchase,INR,324.09,Completed,REF200637,Internal Transaction System,CUST4033
TXN100638,2026-07-14,2026-07-16,Travel Co,Purchase,USD,6455.26,Completed,REF200638,Internal Transaction System,CUST2239
TXN100639,2026-07-02,2026-07-04,Travel Co,Purchase,INR,1536.95,Completed,REF200639,Internal Transaction System,CUST8443
TXN100640,2026-07-17,2026-07-19,Travel Co,Purchase,INR,580.42,Completed,REF200640,Internal Transaction System,CUST8012
TXN100641,2026-07-25,2026-07-27,Digital Store,Refund,INR,1278.83,Completed,REF200641,Internal Transaction System,CUST1771
TXN100642,2026-07-25,2026-07-26,Utility Co,Reversal,INR,636.02,Completed,REF200642,Internal Transaction System,CUST2736
TXN100643,2026-07-27,2026-07-28,Retailer B,Purchase,INR,2356.79,Completed,REF200643,Internal Transaction System,CUST1418
TXN100644,2026-07-04,2026-07-05,Travel Co,Purchase,INR,915.72,Completed,REF200644,Internal Transaction System,CUST3613
TXN100645,2026-07-03,2026-07-04,Utility Co,Purchase,USD,4276.65,Completed,REF200645,Internal Transaction System,CUST9026
TXN100646,2026-07-20,2026-07-21,Utility Co,Refund,INR,625.2,Completed,REF200646,Internal Transaction System,CUST6342
TXN100647,2026-07-05,2026-07-06,Digital Store,Purchase,INR,945.18,Completed,REF200647,Internal Transaction System,CUST1751
TXN100648,2026-07-07,2026-07-08,Utility Co,Reversal,INR,575.34,Completed,REF200648,Internal Transaction System,CUST1273
TXN100649,2026-07-24,2026-07-26,Food Services,Purchase,INR,1398.29,Completed,REF200649,Internal Transaction System,CUST1174
TXN100650,2026-07-31,2026-08-02,Travel Co,Purchase,USD,1673.31,Completed,REF200650,Internal Transaction System,CUST1654
TXN100651,2026-07-25,2026-07-27,Food Services,Purchase,GBP,1846.94,Completed,REF200651,Internal Transaction System,CUST9103
TXN100652,2026-07-09,2026-07-12,Food Services,Purchase,EUR,2423.41,Completed,REF200652,Internal Transaction System,CUST6990
TXN100653,2026-07-08,2026-07-10,Retailer B,Purchase,EUR,942.29,Reversed,REF200653,Internal Transaction System,CUST8454
TXN100654,2026-07-02,2026-07-03,Digital Store,Purchase,INR,3056.89,Completed,REF200654,Internal Transaction System,CUST4648
TXN100655,2026-07-16,2026-07-17,Digital Store,Purchase,GBP,2486.48,Reversed,REF200655,Internal Transaction System,CUST2905
TXN100656,2026-07-19,2026-07-21,Retailer A,Purchase,INR,3460.13,Pending,REF200656,Internal Transaction System,CUST6130
TXN100657,2026-07-31,2026-08-01,Food Services,Purchase,USD,1548.2,Completed,REF200657,Internal Transaction System,CUST9427
TXN100658,2026-07-04,2026-07-06,Retailer A,Purchase,INR,1288.73,Completed,REF200658,Internal Transaction System,CUST6637
TXN100659,2026-07-01,2026-07-02,Food Services,Purchase,INR,1191.11,Completed,REF200659,Internal Transaction System,CUST2817
TXN100660,2026-07-10,2026-07-12,Utility Co,Purchase,INR,784.31,Completed,REF200660,Internal Transaction System,CUST4802
TXN100661,2026-07-27,2026-07-28,Travel Co,Purchase,USD,887.91,Completed,REF200661,Internal Transaction System,CUST6139
TXN100662,2026-07-13,2026-07-14,Utility Co,Purchase,INR,594.36,Completed,REF200662,Internal Transaction System,CUST7282
TXN100663,2026-07-25,2026-07-27,Food Services,Purchase,INR,2358.98,Completed,REF200663,Internal Transaction System,CUST5953
TXN100664,2026-07-02,2026-07-04,Retailer B,Refund,INR,1070.55,Completed,REF200664,Internal Transaction System,CUST3737
TXN100665,2026-07-18,2026-07-19,Retailer A,Purchase,USD,1933.61,Completed,REF200665,Internal Transaction System,CUST6416
TXN100666,2026-07-09,2026-07-10,Food Services,Purchase,INR,1168.79,Completed,REF200666,Internal Transaction System,CUST9158
TXN100667,2026-07-06,2026-07-08,Food Services,Purchase,GBP,1499.64,Completed,REF200667,Internal Transaction System,CUST5536
TXN100668,2026-07-26,2026-07-27,Travel Co,Purchase,EUR,413.79,Completed,REF200668,Internal Transaction System,CUST1320
TXN100669,2026-07-25,2026-07-26,Digital Store,Purchase,INR,394.28,Completed,REF200669,Internal Transaction System,CUST7746
TXN100670,2026-07-28,2026-07-30,Retailer B,Purchase,INR,1183.65,Completed,REF200670,Internal Transaction System,CUST1891
TXN100671,2026-07-15,2026-07-16,Food Services,Reversal,INR,331.87,Completed,REF200671,Internal Transaction System,CUST3345
TXN100672,2026-07-05,2026-07-06,Retailer B,Purchase,EUR,1337.39,Completed,REF200672,Internal Transaction System,CUST8952
TXN100673,2026-07-19,2026-07-20,Retailer A,Reversal,INR,876.29,Completed,REF200673,Internal Transaction System,CUST6553
TXN100674,2026-07-10,2026-07-12,Travel Co,Purchase,INR,646.89,Pending,REF200674,Internal Transaction System,CUST3157
TXN100675,2026-07-05,2026-07-06,Food Services,Refund,INR,718.37,Completed,REF200675,Internal Transaction System,CUST5247
TXN100676,2026-07-17,2026-07-19,Utility Co,Purchase,INR,2333.45,Completed,REF200676,Internal Transaction System,CUST7784
TXN100677,2026-07-02,2026-07-03,Retailer A,Purchase,EUR,2025.48,Completed,REF200677,Internal Transaction System,CUST1439
TXN100678,2026-07-18,2026-07-20,Retailer A,Purchase,INR,3030.33,Completed,REF200678,Internal Transaction System,CUST3500
TXN100679,2026-07-12,2026-07-14,Utility Co,Purchase,USD,2113.3,Completed,REF200679,Internal Transaction System,CUST8804
TXN100680,2026-07-30,2026-07-31,Digital Store,Purchase,INR,1771.67,Completed,REF200680,Internal Transaction System,CUST8090
TXN100681,2026-07-11,2026-07-12,Travel Co,Purchase,INR,2103.71,Completed,REF200681,Internal Transaction System,CUST2933
TXN100682,2026-07-16,2026-07-18,Travel Co,Purchase,INR,7712.15,Pending,REF200682,Internal Transaction System,CUST1366
TXN100683,2026-07-16,2026-07-18,Retailer A,Purchase,USD,1476.32,Completed,REF200683,Internal Transaction System,CUST8838
TXN100684,2026-07-08,2026-07-10,Retailer B,Purchase,INR,908.33,Completed,REF200684,Internal Transaction System,CUST4612
TXN100685,2026-07-23,2026-07-26,Digital Store,Purchase,INR,839.36,Completed,REF200685,Internal Transaction System,CUST1550
TXN100686,2026-07-12,2026-07-15,Retailer B,Purchase,INR,2056.0,Completed,REF200686,Internal Transaction System,CUST4231
TXN100687,2026-07-05,2026-07-06,Food Services,Refund,INR,1195.61,Pending,REF200687,Internal Transaction System,CUST4307
TXN100688,2026-07-15,2026-07-16,Utility Co,Purchase,INR,816.15,Completed,REF200688,Internal Transaction System,CUST7784
TXN100689,2026-07-15,2026-07-16,Utility Co,Purchase,INR,1006.14,Pending,REF200689,Internal Transaction System,CUST8971
TXN100690,2026-07-23,2026-07-24,Retailer A,Purchase,USD,426.33,Completed,REF200690,Internal Transaction System,CUST9517
TXN100691,2026-07-09,2026-07-10,Retailer B,Purchase,INR,351.32,Completed,REF200691,Internal Transaction System,CUST7932
TXN100692,2026-07-01,2026-07-03,Travel Co,Purchase,INR,501.85,Completed,REF200692,Internal Transaction System,CUST7756
TXN100693,2026-07-03,2026-07-06,Food Services,Purchase,EUR,627.59,Completed,REF200693,Internal Transaction System,CUST2674
TXN100694,2026-07-10,2026-07-11,Retailer A,Purchase,USD,1460.48,Completed,REF200694,Internal Transaction System,CUST7865
TXN100695,2026-07-28,2026-07-29,Utility Co,Purchase,INR,1683.82,Reversed,REF200695,Internal Transaction System,CUST3720
TXN100696,2026-07-05,2026-07-06,Digital Store,Purchase,INR,583.56,Completed,REF200696,Internal Transaction System,CUST9234
TXN100697,2026-07-11,2026-07-13,Utility Co,Purchase,INR,1819.16,Pending,REF200697,Internal Transaction System,CUST8925
TXN100698,2026-07-24,2026-07-25,Digital Store,Purchase,INR,512.8,Completed,REF200698,Internal Transaction System,CUST1103
TXN100699,2026-07-28,2026-07-29,Retailer B,Purchase,INR,465.51,Completed,REF200699,Internal Transaction System,CUST4963
TXN100700,2026-07-19,2026-07-20,Digital Store,Refund,INR,915.69,Completed,REF200700,Internal Transaction System,CUST7766
TXN100701,2026-07-11,2026-07-13,Retailer A,Reversal,INR,2313.29,Completed,REF200701,Internal Transaction System,CUST6981
TXN100702,2026-07-15,2026-07-17,Utility Co,Purchase,INR,2147.78,Completed,REF200702,Internal Transaction System,CUST7122
TXN100703,2026-07-12,2026-07-14,Food Services,Purchase,USD,709.67,Completed,REF200703,Internal Transaction System,CUST1090
TXN100704,2026-07-04,2026-07-06,Retailer B,Purchase,USD,2047.13,Completed,REF200704,Internal Transaction System,CUST7393
TXN100705,2026-07-22,2026-07-23,Utility Co,Refund,USD,881.08,Pending,REF200705,Internal Transaction System,CUST8195
TXN100706,2026-07-03,2026-07-04,Utility Co,Purchase,INR,1209.41,Completed,REF200706,Internal Transaction System,CUST5621
TXN100707,2026-07-20,2026-07-22,Retailer A,Purchase,INR,694.22,Completed,REF200707,Internal Transaction System,CUST1824
TXN100708,2026-07-15,2026-07-16,Digital Store,Refund,INR,355.87,Completed,REF200708,Internal Transaction System,CUST1168
TXN100709,2026-07-28,2026-07-30,Travel Co,Purchase,INR,1537.42,Completed,REF200709,Internal Transaction System,CUST1723
TXN100710,2026-07-13,2026-07-14,Retailer B,Purchase,INR,910.22,Completed,REF200710,Internal Transaction System,CUST2607
TXN100711,2026-07-11,2026-07-12,Digital Store,Refund,INR,275.0,Completed,REF200711,Internal Transaction System,CUST5151
TXN100712,2026-07-23,2026-07-25,Food Services,Purchase,INR,293.44,Completed,REF200712,Internal Transaction System,CUST1839
TXN100713,2026-07-02,2026-07-03,Retailer A,Purchase,INR,476.85,Completed,REF200713,Internal Transaction System,CUST8622
TXN100714,2026-07-25,2026-07-26,Retailer A,Purchase,INR,1233.98,Completed,REF200714,Internal Transaction System,CUST9776
TXN100715,2026-07-02,2026-07-03,Digital Store,Purchase,USD,308.6,Completed,REF200715,Internal Transaction System,CUST6320
TXN100716,2026-07-05,2026-07-06,Digital Store,Purchase,INR,4423.13,Pending,REF200716,Internal Transaction System,CUST1393
TXN100717,2026-07-05,2026-07-06,Digital Store,Purchase,GBP,741.17,Completed,REF200717,Internal Transaction System,CUST7367
TXN100718,2026-07-08,2026-07-10,Travel Co,Purchase,INR,1645.12,Completed,REF200718,Internal Transaction System,CUST7760
TXN100719,2026-07-11,2026-07-13,Retailer B,Purchase,INR,1155.41,Reversed,REF200719,Internal Transaction System,CUST1191
TXN100720,2026-07-17,2026-07-19,Food Services,Purchase,INR,651.46,Completed,REF200720,Internal Transaction System,CUST2428
TXN100721,2026-07-21,2026-07-23,Travel Co,Purchase,EUR,1746.09,Completed,REF200721,Internal Transaction System,CUST2980
TXN100722,2026-07-16,2026-07-19,Food Services,Purchase,USD,365.09,Completed,REF200722,Internal Transaction System,CUST9160
TXN100723,2026-07-02,2026-07-03,Retailer B,Purchase,INR,314.62,Completed,REF200723,Internal Transaction System,CUST4584
TXN100724,2026-07-02,2026-07-04,Retailer A,Refund,INR,1195.67,Completed,REF200724,Internal Transaction System,CUST6334
TXN100725,2026-07-03,2026-07-05,Food Services,Purchase,EUR,794.85,Completed,REF200725,Internal Transaction System,CUST4093
TXN100726,2026-07-15,2026-07-17,Utility Co,Refund,INR,735.15,Completed,REF200726,Internal Transaction System,CUST8028
TXN100727,2026-07-11,2026-07-13,Retailer A,Purchase,GBP,1326.17,Completed,REF200727,Internal Transaction System,CUST1729
TXN100728,2026-07-23,2026-07-24,Digital Store,Purchase,INR,1308.77,Completed,REF200728,Internal Transaction System,CUST5323
TXN100729,2026-07-23,2026-07-24,Retailer A,Purchase,INR,1481.2,Pending,REF200729,Internal Transaction System,CUST4156
TXN100730,2026-07-03,2026-07-05,Travel Co,Purchase,GBP,3644.34,Completed,REF200730,Internal Transaction System,CUST8822
TXN100731,2026-07-06,2026-07-07,Retailer B,Purchase,INR,1440.34,Completed,REF200731,Internal Transaction System,CUST6492
TXN100732,2026-07-14,2026-07-16,Travel Co,Purchase,INR,764.2,Completed,REF200732,Internal Transaction System,CUST5315
TXN100733,2026-07-28,2026-07-29,Travel Co,Purchase,INR,795.6,Completed,REF200733,Internal Transaction System,CUST1624
TXN100734,2026-07-10,2026-07-11,Retailer A,Purchase,INR,1170.41,Completed,REF200734,Internal Transaction System,CUST4446
TXN100735,2026-07-11,2026-07-12,Travel Co,Reversal,INR,945.82,Completed,REF200735,Internal Transaction System,CUST7522
TXN100736,2026-07-14,2026-07-16,Retailer B,Purchase,INR,798.15,Completed,REF200736,Internal Transaction System,CUST4799
TXN100737,2026-07-26,2026-07-27,Retailer B,Purchase,INR,397.2,Completed,REF200737,Internal Transaction System,CUST8427
TXN100738,2026-07-17,2026-07-18,Retailer B,Purchase,INR,1193.59,Completed,REF200738,Internal Transaction System,CUST8259
TXN100739,2026-07-16,2026-07-17,Utility Co,Purchase,INR,194.72,Completed,REF200739,Internal Transaction System,CUST9604
TXN100740,2026-07-20,2026-07-21,Retailer B,Reversal,INR,1993.8,Pending,REF200740,Internal Transaction System,CUST9077
TXN100741,2026-07-31,2026-08-01,Retailer B,Reversal,INR,4726.05,Completed,REF200741,Internal Transaction System,CUST7306
TXN100742,2026-07-02,2026-07-03,Utility Co,Purchase,INR,655.86,Completed,REF200742,Internal Transaction System,CUST8652
TXN100743,2026-07-28,2026-07-29,Food Services,Purchase,INR,3918.18,Completed,REF200743,Internal Transaction System,CUST7747
TXN100744,2026-07-22,2026-07-24,Digital Store,Purchase,INR,1410.88,Completed,REF200744,Internal Transaction System,CUST9462
TXN100745,2026-07-13,2026-07-16,Utility Co,Purchase,INR,932.31,Completed,REF200745,Internal Transaction System,CUST6458
TXN100746,2026-07-09,2026-07-11,Digital Store,Purchase,INR,384.5,Completed,REF200746,Internal Transaction System,CUST1008
TXN100747,2026-07-06,2026-07-07,Travel Co,Purchase,USD,388.02,Completed,REF200747,Internal Transaction System,CUST1070
TXN100748,2026-07-09,2026-07-10,Digital Store,Purchase,INR,2940.78,Completed,REF200748,Internal Transaction System,CUST7848
TXN100749,2026-07-31,2026-08-02,Digital Store,Purchase,INR,615.13,Completed,REF200749,Internal Transaction System,CUST6047
TXN100750,2026-07-07,2026-07-09,Retailer B,Purchase,INR,3653.18,Completed,REF200750,Internal Transaction System,CUST6742
TXN100751,2026-07-31,2026-08-01,Digital Store,Purchase,INR,851.12,Completed,REF200751,Internal Transaction System,CUST1247
TXN100752,2026-07-17,2026-07-18,Food Services,Purchase,INR,983.9,Completed,REF200752,Internal Transaction System,CUST9623
TXN100753,2026-07-04,2026-07-07,Retailer B,Purchase,INR,529.91,Completed,REF200753,Internal Transaction System,CUST6497
TXN100754,2026-07-30,2026-07-31,Retailer A,Purchase,INR,460.31,Completed,REF200754,Internal Transaction System,CUST8566
TXN100755,2026-07-23,2026-07-25,Food Services,Purchase,USD,480.74,Completed,REF200755,Internal Transaction System,CUST6156
TXN100756,2026-07-05,2026-07-06,Travel Co,Reversal,INR,1552.34,Completed,REF200756,Internal Transaction System,CUST2396
TXN100757,2026-07-10,2026-07-11,Digital Store,Refund,INR,3365.15,Completed,REF200757,Internal Transaction System,CUST1918
TXN100758,2026-07-05,2026-07-07,Utility Co,Purchase,INR,437.6,Completed,REF200758,Internal Transaction System,CUST7421
TXN100759,2026-07-04,2026-07-06,Retailer A,Purchase,INR,1808.76,Completed,REF200759,Internal Transaction System,CUST4190
TXN100760,2026-07-31,2026-08-02,Retailer A,Purchase,GBP,1126.66,Completed,REF200760,Internal Transaction System,CUST2488
TXN100761,2026-07-10,2026-07-11,Retailer B,Purchase,INR,4175.8,Completed,REF200761,Internal Transaction System,CUST1683
TXN100762,2026-07-27,2026-07-28,Food Services,Purchase,INR,1256.27,Completed,REF200762,Internal Transaction System,CUST5717
TXN100763,2026-07-19,2026-07-21,Travel Co,Purchase,INR,943.21,Completed,REF200763,Internal Transaction System,CUST7371
TXN100764,2026-07-22,2026-07-24,Retailer A,Purchase,USD,1076.49,Completed,REF200764,Internal Transaction System,CUST5343
TXN100765,2026-07-07,2026-07-08,Retailer B,Purchase,USD,287.53,Completed,REF200765,Internal Transaction System,CUST7692
TXN100766,2026-07-20,2026-07-21,Retailer A,Purchase,INR,3226.99,Completed,REF200766,Internal Transaction System,CUST5751
TXN100767,2026-07-18,2026-07-19,Travel Co,Purchase,INR,2079.49,Pending,REF200767,Internal Transaction System,CUST4668
TXN100768,2026-07-16,2026-07-19,Digital Store,Reversal,INR,3236.73,Completed,REF200768,Internal Transaction System,CUST2838
TXN100769,2026-07-26,2026-07-27,Travel Co,Reversal,INR,2527.21,Completed,REF200769,Internal Transaction System,CUST8067
TXN100770,2026-07-07,2026-07-10,Travel Co,Purchase,INR,1702.18,Completed,REF200770,Internal Transaction System,CUST4804
TXN100771,2026-07-17,2026-07-19,Utility Co,Purchase,INR,445.84,Pending,REF200771,Internal Transaction System,CUST1091
TXN100772,2026-07-04,2026-07-05,Food Services,Purchase,INR,475.21,Completed,REF200772,Internal Transaction System,CUST9903
TXN100773,2026-07-15,2026-07-17,Travel Co,Purchase,INR,1129.77,Completed,REF200773,Internal Transaction System,CUST6939
TXN100774,2026-07-11,2026-07-12,Travel Co,Purchase,INR,1015.89,Reversed,REF200774,Internal Transaction System,CUST1686
TXN100775,2026-07-09,2026-07-10,Food Services,Purchase,EUR,973.63,Completed,REF200775,Internal Transaction System,CUST6128
TXN100776,2026-07-22,2026-07-24,Travel Co,Purchase,INR,622.37,Completed,REF200776,Internal Transaction System,CUST1186
TXN100777,2026-07-11,2026-07-12,Travel Co,Purchase,GBP,751.35,Completed,REF200777,Internal Transaction System,CUST1023
TXN100778,2026-07-11,2026-07-12,Travel Co,Purchase,INR,611.95,Completed,REF200778,Internal Transaction System,CUST2794
TXN100779,2026-07-18,2026-07-19,Utility Co,Purchase,INR,555.3,Completed,REF200779,Internal Transaction System,CUST6699
TXN100780,2026-07-21,2026-07-24,Utility Co,Purchase,INR,1630.73,Completed,REF200780,Internal Transaction System,CUST9432
TXN100781,2026-07-05,2026-07-08,Retailer A,Purchase,INR,2141.14,Reversed,REF200781,Internal Transaction System,CUST8770
TXN100782,2026-07-11,2026-07-12,Food Services,Refund,EUR,928.2,Completed,REF200782,Internal Transaction System,CUST8163
TXN100783,2026-07-21,2026-07-22,Travel Co,Purchase,GBP,1323.76,Completed,REF200783,Internal Transaction System,CUST6461
TXN100784,2026-07-15,2026-07-18,Utility Co,Purchase,INR,2930.4,Reversed,REF200784,Internal Transaction System,CUST1814
TXN100785,2026-07-24,2026-07-25,Retailer B,Purchase,INR,4146.27,Pending,REF200785,Internal Transaction System,CUST5939
TXN100786,2026-07-11,2026-07-13,Utility Co,Purchase,INR,849.81,Completed,REF200786,Internal Transaction System,CUST5252
TXN100787,2026-07-02,2026-07-03,Food Services,Purchase,INR,779.45,Completed,REF200787,Internal Transaction System,CUST3878
TXN100788,2026-07-18,2026-07-20,Digital Store,Purchase,INR,1929.2,Completed,REF200788,Internal Transaction System,CUST8120
TXN100789,2026-07-09,2026-07-10,Food Services,Purchase,USD,879.54,Reversed,REF200789,Internal Transaction System,CUST2068
TXN100790,2026-07-18,2026-07-20,Food Services,Purchase,INR,439.82,Completed,REF200790,Internal Transaction System,CUST3032
TXN100791,2026-07-22,2026-07-23,Utility Co,Purchase,INR,3728.55,Completed,REF200791,Internal Transaction System,CUST4263
TXN100792,2026-07-19,2026-07-22,Food Services,Purchase,INR,2525.89,Completed,REF200792,Internal Transaction System,CUST5075
TXN100793,2026-07-15,2026-07-16,Utility Co,Purchase,INR,500.51,Completed,REF200793,Internal Transaction System,CUST7581
TXN100794,2026-07-06,2026-07-08,Digital Store,Purchase,INR,1006.81,Pending,REF200794,Internal Transaction System,CUST7071
TXN100795,2026-07-20,2026-07-21,Retailer A,Purchase,INR,815.41,Completed,REF200795,Internal Transaction System,CUST9754
TXN100796,2026-07-22,2026-07-23,Food Services,Refund,INR,487.82,Completed,REF200796,Internal Transaction System,CUST4903
TXN100797,2026-07-25,2026-07-26,Travel Co,Purchase,EUR,1031.27,Completed,REF200797,Internal Transaction System,CUST4009
TXN100798,2026-07-20,2026-07-21,Food Services,Purchase,GBP,840.39,Completed,REF200798,Internal Transaction System,CUST6971
TXN100799,2026-07-05,2026-07-06,Digital Store,Purchase,EUR,1246.36,Completed,REF200799,Internal Transaction System,CUST4713
TXN100800,2026-07-25,2026-07-26,Utility Co,Purchase,INR,1281.76,Pending,REF200800,Internal Transaction System,CUST7279
TXN100801,2026-07-15,2026-07-16,Digital Store,Purchase,GBP,398.41,Completed,REF200801,Internal Transaction System,CUST4978
TXN100802,2026-07-19,2026-07-20,Retailer B,Refund,INR,1059.85,Completed,REF200802,Internal Transaction System,CUST4595
TXN100803,2026-07-20,2026-07-22,Retailer B,Purchase,INR,357.74,Pending,REF200803,Internal Transaction System,CUST4726
TXN100804,2026-07-29,2026-07-30,Retailer A,Purchase,INR,982.55,Reversed,REF200804,Internal Transaction System,CUST1160
TXN100805,2026-07-12,2026-07-13,Digital Store,Purchase,INR,260.12,Completed,REF200805,Internal Transaction System,CUST9077
TXN100806,2026-07-23,2026-07-24,Travel Co,Purchase,INR,2293.79,Completed,REF200806,Internal Transaction System,CUST4160
TXN100807,2026-07-11,2026-07-12,Food Services,Purchase,USD,866.37,Completed,REF200807,Internal Transaction System,CUST2402
TXN100808,2026-07-16,2026-07-18,Food Services,Purchase,INR,1045.65,Completed,REF200808,Internal Transaction System,CUST9441
TXN100809,2026-07-01,2026-07-02,Retailer B,Purchase,INR,442.34,Completed,REF200809,Internal Transaction System,CUST8402
TXN100810,2026-07-06,2026-07-09,Travel Co,Purchase,USD,4536.51,Completed,REF200810,Internal Transaction System,CUST2440
TXN100811,2026-07-09,2026-07-11,Food Services,Purchase,INR,995.9,Completed,REF200811,Internal Transaction System,CUST4484
TXN100812,2026-07-19,2026-07-20,Retailer A,Purchase,INR,548.21,Completed,REF200812,Internal Transaction System,CUST9885
TXN100813,2026-07-02,2026-07-04,Utility Co,Purchase,INR,1070.64,Completed,REF200813,Internal Transaction System,CUST3765
TXN100814,2026-07-13,2026-07-14,Digital Store,Purchase,EUR,1382.54,Completed,REF200814,Internal Transaction System,CUST7897
TXN100815,2026-07-26,2026-07-29,Food Services,Purchase,EUR,1201.25,Pending,REF200815,Internal Transaction System,CUST9862
TXN100816,2026-07-16,2026-07-19,Travel Co,Purchase,INR,1700.0,Completed,REF200816,Internal Transaction System,CUST9971
TXN100817,2026-07-03,2026-07-05,Retailer B,Purchase,INR,1419.08,Completed,REF200817,Internal Transaction System,CUST5249
TXN100818,2026-07-29,2026-07-30,Retailer A,Purchase,INR,1562.1,Completed,REF200818,Internal Transaction System,CUST2208
TXN100819,2026-07-05,2026-07-06,Travel Co,Purchase,INR,4491.55,Completed,REF200819,Internal Transaction System,CUST6282
TXN100820,2026-07-02,2026-07-04,Food Services,Purchase,EUR,958.03,Completed,REF200820,Internal Transaction System,CUST4015
TXN100821,2026-07-20,2026-07-21,Utility Co,Purchase,USD,6135.03,Completed,REF200821,Internal Transaction System,CUST4520
TXN100822,2026-07-25,2026-07-27,Travel Co,Reversal,INR,2834.8,Pending,REF200822,Internal Transaction System,CUST1893
TXN100823,2026-07-31,2026-08-01,Travel Co,Purchase,INR,958.18,Completed,REF200823,Internal Transaction System,CUST7377
TXN100824,2026-07-15,2026-07-16,Food Services,Purchase,INR,980.92,Completed,REF200824,Internal Transaction System,CUST2017
TXN100825,2026-07-13,2026-07-14,Travel Co,Reversal,INR,1985.86,Completed,REF200825,Internal Transaction System,CUST3218
TXN100826,2026-07-07,2026-07-09,Digital Store,Purchase,GBP,370.7,Completed,REF200826,Internal Transaction System,CUST1834
TXN100827,2026-07-09,2026-07-10,Utility Co,Purchase,INR,974.97,Completed,REF200827,Internal Transaction System,CUST8114
TXN100828,2026-07-11,2026-07-13,Retailer B,Purchase,INR,790.13,Completed,REF200828,Internal Transaction System,CUST8730
TXN100829,2026-07-04,2026-07-05,Digital Store,Purchase,INR,3421.97,Completed,REF200829,Internal Transaction System,CUST1241
TXN100830,2026-07-28,2026-07-29,Digital Store,Purchase,INR,1958.96,Completed,REF200830,Internal Transaction System,CUST3567
TXN100831,2026-07-28,2026-07-31,Food Services,Purchase,USD,907.34,Completed,REF200831,Internal Transaction System,CUST7648
TXN100832,2026-07-30,2026-07-31,Utility Co,Purchase,INR,1952.44,Completed,REF200832,Internal Transaction System,CUST8022
TXN100833,2026-07-08,2026-07-09,Retailer A,Reversal,INR,2474.97,Completed,REF200833,Internal Transaction System,CUST9478
TXN100834,2026-07-31,2026-08-01,Retailer B,Purchase,USD,2786.58,Completed,REF200834,Internal Transaction System,CUST1577
TXN100835,2026-07-14,2026-07-15,Food Services,Purchase,INR,1812.32,Completed,REF200835,Internal Transaction System,CUST4301
TXN100836,2026-07-28,2026-07-29,Travel Co,Purchase,INR,1165.25,Reversed,REF200836,Internal Transaction System,CUST9090
TXN100837,2026-07-28,2026-07-29,Travel Co,Purchase,GBP,1207.78,Completed,REF200837,Internal Transaction System,CUST2843
TXN100838,2026-07-03,2026-07-04,Utility Co,Purchase,INR,1270.43,Completed,REF200838,Internal Transaction System,CUST1752
TXN100839,2026-07-28,2026-07-29,Digital Store,Reversal,USD,367.14,Completed,REF200839,Internal Transaction System,CUST1440
TXN100840,2026-07-01,2026-07-02,Utility Co,Purchase,INR,403.94,Completed,REF200840,Internal Transaction System,CUST5114
TXN100841,2026-07-16,2026-07-17,Utility Co,Purchase,USD,1543.04,Pending,REF200841,Internal Transaction System,CUST1434
TXN100842,2026-07-27,2026-07-30,Travel Co,Refund,INR,650.41,Completed,REF200842,Internal Transaction System,CUST5698
TXN100843,2026-07-22,2026-07-24,Digital Store,Purchase,INR,1472.4,Completed,REF200843,Internal Transaction System,CUST2770
TXN100844,2026-07-28,2026-07-29,Retailer A,Purchase,GBP,1563.76,Completed,REF200844,Internal Transaction System,CUST5155
TXN100845,2026-07-28,2026-07-29,Retailer A,Purchase,INR,5858.05,Completed,REF200845,Internal Transaction System,CUST9796
TXN100846,2026-07-21,2026-07-22,Retailer A,Reversal,INR,474.2,Completed,REF200846,Internal Transaction System,CUST4875
TXN100847,2026-07-07,2026-07-09,Retailer B,Purchase,INR,451.12,Completed,REF200847,Internal Transaction System,CUST1819
TXN100848,2026-07-23,2026-07-25,Retailer A,Refund,INR,2461.69,Completed,REF200848,Internal Transaction System,CUST8953
TXN100849,2026-07-08,2026-07-11,Food Services,Purchase,EUR,811.39,Completed,REF200849,Internal Transaction System,CUST2339
TXN100850,2026-07-29,2026-07-31,Retailer B,Purchase,GBP,668.88,Completed,REF200850,Internal Transaction System,CUST2370
TXN100851,2026-07-19,2026-07-20,Digital Store,Purchase,INR,2217.1,Completed,REF200851,Internal Transaction System,CUST5823
TXN100852,2026-07-31,2026-08-02,Travel Co,Purchase,INR,794.45,Pending,REF200852,Internal Transaction System,CUST9797
TXN100853,2026-07-04,2026-07-05,Retailer A,Purchase,INR,427.17,Reversed,REF200853,Internal Transaction System,CUST9355
TXN100854,2026-07-15,2026-07-17,Digital Store,Purchase,INR,583.15,Completed,REF200854,Internal Transaction System,CUST3068
TXN100855,2026-07-04,2026-07-05,Retailer A,Purchase,INR,1260.17,Completed,REF200855,Internal Transaction System,CUST3581
TXN100856,2026-07-29,2026-07-31,Retailer B,Purchase,USD,2442.74,Completed,REF200856,Internal Transaction System,CUST1130
TXN100857,2026-07-23,2026-07-25,Utility Co,Purchase,USD,520.39,Completed,REF200857,Internal Transaction System,CUST7665
TXN100858,2026-07-19,2026-07-22,Food Services,Purchase,INR,2373.92,Completed,REF200858,Internal Transaction System,CUST4956
TXN100859,2026-07-20,2026-07-21,Retailer A,Purchase,INR,1805.81,Completed,REF200859,Internal Transaction System,CUST8521
TXN100860,2026-07-12,2026-07-13,Digital Store,Purchase,USD,1909.62,Completed,REF200860,Internal Transaction System,CUST6047
TXN100861,2026-07-26,2026-07-27,Retailer B,Refund,USD,3518.41,Pending,REF200861,Internal Transaction System,CUST5488
TXN100862,2026-07-18,2026-07-20,Food Services,Purchase,GBP,2807.41,Completed,REF200862,Internal Transaction System,CUST8050
TXN100863,2026-07-10,2026-07-12,Digital Store,Purchase,INR,714.56,Completed,REF200863,Internal Transaction System,CUST5361
TXN100864,2026-07-03,2026-07-04,Digital Store,Purchase,INR,216.14,Completed,REF200864,Internal Transaction System,CUST6457
TXN100865,2026-07-26,2026-07-28,Digital Store,Purchase,INR,1498.49,Completed,REF200865,Internal Transaction System,CUST4651
TXN100866,2026-07-29,2026-07-30,Retailer B,Refund,INR,2128.45,Completed,REF200866,Internal Transaction System,CUST6924
TXN100867,2026-07-20,2026-07-23,Utility Co,Purchase,INR,900.95,Completed,REF200867,Internal Transaction System,CUST8439
TXN100868,2026-07-18,2026-07-19,Digital Store,Refund,INR,2984.05,Completed,REF200868,Internal Transaction System,CUST8516
TXN100869,2026-07-07,2026-07-08,Digital Store,Purchase,GBP,372.43,Completed,REF200869,Internal Transaction System,CUST1418
TXN100870,2026-07-19,2026-07-20,Retailer B,Purchase,INR,2422.75,Completed,REF200870,Internal Transaction System,CUST3475
TXN100871,2026-07-04,2026-07-05,Digital Store,Purchase,INR,2588.97,Completed,REF200871,Internal Transaction System,CUST4434
TXN100872,2026-07-31,2026-08-03,Digital Store,Purchase,INR,420.6,Completed,REF200872,Internal Transaction System,CUST3726
TXN100873,2026-07-13,2026-07-14,Retailer B,Purchase,INR,488.74,Completed,REF200873,Internal Transaction System,CUST9884
TXN100874,2026-07-02,2026-07-04,Utility Co,Purchase,INR,372.47,Completed,REF200874,Internal Transaction System,CUST5974
TXN100875,2026-07-25,2026-07-26,Food Services,Purchase,INR,1724.88,Completed,REF200875,Internal Transaction System,CUST3193
TXN100876,2026-07-07,2026-07-09,Utility Co,Purchase,INR,1843.91,Completed,REF200876,Internal Transaction System,CUST3612
TXN100877,2026-07-12,2026-07-13,Travel Co,Purchase,INR,1480.13,Completed,REF200877,Internal Transaction System,CUST1823
TXN100878,2026-07-31,2026-08-02,Utility Co,Purchase,INR,849.32,Completed,REF200878,Internal Transaction System,CUST5299
TXN100879,2026-07-19,2026-07-21,Retailer B,Purchase,INR,1499.03,Completed,REF200879,Internal Transaction System,CUST3294
TXN100880,2026-07-24,2026-07-25,Travel Co,Purchase,INR,437.84,Completed,REF200880,Internal Transaction System,CUST8873
TXN100881,2026-07-22,2026-07-23,Retailer A,Purchase,GBP,2192.21,Completed,REF200881,Internal Transaction System,CUST3598
TXN100882,2026-07-07,2026-07-09,Utility Co,Refund,INR,947.46,Reversed,REF200882,Internal Transaction System,CUST2858
TXN100883,2026-07-06,2026-07-08,Food Services,Purchase,USD,459.5,Completed,REF200883,Internal Transaction System,CUST6167
TXN100884,2026-07-04,2026-07-05,Utility Co,Purchase,INR,624.13,Completed,REF200884,Internal Transaction System,CUST5244
TXN100885,2026-07-14,2026-07-15,Utility Co,Purchase,INR,1178.27,Completed,REF200885,Internal Transaction System,CUST7584
TXN100886,2026-07-26,2026-07-27,Retailer B,Refund,INR,1696.89,Pending,REF200886,Internal Transaction System,CUST1893
TXN100887,2026-07-16,2026-07-17,Retailer A,Reversal,INR,2303.64,Completed,REF200887,Internal Transaction System,CUST5110
TXN100888,2026-07-07,2026-07-08,Travel Co,Purchase,INR,1010.9,Completed,REF200888,Internal Transaction System,CUST7818
TXN100889,2026-07-20,2026-07-22,Travel Co,Reversal,EUR,902.67,Completed,REF200889,Internal Transaction System,CUST8683
TXN100890,2026-07-02,2026-07-05,Digital Store,Purchase,INR,898.67,Pending,REF200890,Internal Transaction System,CUST3378
TXN100891,2026-07-04,2026-07-06,Utility Co,Purchase,INR,776.15,Completed,REF200891,Internal Transaction System,CUST3140
TXN100892,2026-07-20,2026-07-21,Utility Co,Reversal,INR,2882.86,Completed,REF200892,Internal Transaction System,CUST6174
TXN100893,2026-07-16,2026-07-17,Retailer A,Purchase,INR,370.02,Completed,REF200893,Internal Transaction System,CUST2189
TXN100894,2026-07-26,2026-07-27,Retailer A,Refund,INR,369.98,Completed,REF200894,Internal Transaction System,CUST7007
TXN100895,2026-07-23,2026-07-24,Travel Co,Purchase,INR,747.55,Completed,REF200895,Internal Transaction System,CUST5263
TXN100896,2026-07-19,2026-07-20,Retailer A,Purchase,INR,514.45,Reversed,REF200896,Internal Transaction System,CUST7920
TXN100897,2026-07-28,2026-07-29,Digital Store,Purchase,INR,1602.69,Completed,REF200897,Internal Transaction System,CUST7019
TXN100898,2026-07-24,2026-07-25,Travel Co,Purchase,INR,2935.1,Completed,REF200898,Internal Transaction System,CUST2471
TXN100899,2026-07-13,2026-07-15,Retailer A,Purchase,INR,1799.47,Completed,REF200899,Internal Transaction System,CUST1320
TXN100900,2026-07-29,2026-07-30,Digital Store,Purchase,USD,1183.6,Completed,REF200900,Internal Transaction System,CUST4504
TXN100901,2026-07-31,2026-08-01,Utility Co,Purchase,INR,1552.21,Completed,REF200901,Internal Transaction System,CUST1027
TXN100902,2026-07-04,2026-07-06,Travel Co,Purchase,USD,1003.95,Completed,REF200902,Internal Transaction System,CUST9582
TXN100903,2026-07-16,2026-07-18,Utility Co,Purchase,USD,2946.63,Completed,REF200903,Internal Transaction System,CUST3014
TXN100904,2026-07-09,2026-07-10,Travel Co,Purchase,INR,3688.3,Completed,REF200904,Internal Transaction System,CUST1573
TXN100905,2026-07-16,2026-07-19,Digital Store,Purchase,INR,355.54,Pending,REF200905,Internal Transaction System,CUST3743
TXN100906,2026-07-29,2026-07-30,Utility Co,Purchase,INR,1368.03,Completed,REF200906,Internal Transaction System,CUST1219
TXN100907,2026-07-08,2026-07-09,Retailer A,Purchase,INR,2138.4,Completed,REF200907,Internal Transaction System,CUST9434
TXN100908,2026-07-28,2026-07-29,Retailer B,Purchase,INR,486.89,Pending,REF200908,Internal Transaction System,CUST5982
TXN100909,2026-07-12,2026-07-14,Utility Co,Purchase,INR,447.96,Completed,REF200909,Internal Transaction System,CUST8427
TXN100910,2026-07-31,2026-08-01,Utility Co,Purchase,INR,1573.8,Completed,REF200910,Internal Transaction System,CUST6496
TXN100911,2026-07-28,2026-07-31,Travel Co,Purchase,INR,1345.1,Completed,REF200911,Internal Transaction System,CUST7798
TXN100912,2026-07-29,2026-07-31,Digital Store,Purchase,INR,541.96,Pending,REF200912,Internal Transaction System,CUST8095
TXN100913,2026-07-27,2026-07-28,Retailer A,Purchase,INR,1219.69,Completed,REF200913,Internal Transaction System,CUST1300
TXN100914,2026-07-23,2026-07-24,Digital Store,Refund,INR,1243.43,Pending,REF200914,Internal Transaction System,CUST9917
TXN100915,2026-07-15,2026-07-17,Utility Co,Purchase,GBP,1255.68,Completed,REF200915,Internal Transaction System,CUST4113
TXN100916,2026-07-14,2026-07-15,Retailer B,Purchase,INR,1547.47,Completed,REF200916,Internal Transaction System,CUST1313
TXN100917,2026-07-15,2026-07-16,Digital Store,Purchase,INR,1259.13,Completed,REF200917,Internal Transaction System,CUST7133
TXN100918,2026-07-18,2026-07-20,Digital Store,Purchase,INR,1032.97,Completed,REF200918,Internal Transaction System,CUST5909
TXN100919,2026-07-20,2026-07-21,Utility Co,Purchase,INR,1146.13,Reversed,REF200919,Internal Transaction System,CUST8915
TXN100920,2026-07-02,2026-07-03,Food Services,Purchase,INR,1709.41,Completed,REF200920,Internal Transaction System,CUST7573
TXN100921,2026-07-26,2026-07-27,Retailer B,Purchase,INR,683.12,Completed,REF200921,Internal Transaction System,CUST1363
TXN100922,2026-07-16,2026-07-17,Digital Store,Purchase,INR,1692.9,Completed,REF200922,Internal Transaction System,CUST3410
TXN100923,2026-07-09,2026-07-10,Digital Store,Reversal,USD,1362.44,Completed,REF200923,Internal Transaction System,CUST7335
TXN100924,2026-07-26,2026-07-27,Retailer B,Refund,INR,750.85,Completed,REF200924,Internal Transaction System,CUST9750
TXN100925,2026-07-05,2026-07-06,Retailer A,Purchase,GBP,665.94,Completed,REF200925,Internal Transaction System,CUST3873
TXN100926,2026-07-04,2026-07-06,Retailer A,Purchase,INR,1168.8,Completed,REF200926,Internal Transaction System,CUST4801
TXN100927,2026-07-27,2026-07-29,Food Services,Refund,USD,2095.84,Reversed,REF200927,Internal Transaction System,CUST3461
TXN100928,2026-07-26,2026-07-28,Travel Co,Refund,INR,1158.22,Pending,REF200928,Internal Transaction System,CUST3106
TXN100929,2026-07-11,2026-07-13,Food Services,Refund,INR,1186.0,Completed,REF200929,Internal Transaction System,CUST3172
TXN100930,2026-07-20,2026-07-21,Travel Co,Purchase,INR,187.65,Completed,REF200930,Internal Transaction System,CUST2499
TXN100931,2026-07-15,2026-07-16,Utility Co,Purchase,INR,1206.33,Completed,REF200931,Internal Transaction System,CUST1557
TXN100932,2026-07-14,2026-07-16,Utility Co,Purchase,USD,2037.33,Completed,REF200932,Internal Transaction System,CUST3646
TXN100933,2026-07-07,2026-07-09,Digital Store,Purchase,INR,2534.18,Completed,REF200933,Internal Transaction System,CUST8787
TXN100934,2026-07-01,2026-07-02,Travel Co,Purchase,INR,2425.58,Completed,REF200934,Internal Transaction System,CUST1873
TXN100935,2026-07-29,2026-07-31,Retailer A,Purchase,INR,5148.44,Completed,REF200935,Internal Transaction System,CUST9951
TXN100936,2026-07-16,2026-07-17,Food Services,Purchase,INR,847.37,Completed,REF200936,Internal Transaction System,CUST2497
TXN100937,2026-07-11,2026-07-12,Travel Co,Reversal,INR,1333.11,Completed,REF200937,Internal Transaction System,CUST6395
TXN100938,2026-07-05,2026-07-07,Travel Co,Purchase,USD,1975.4,Completed,REF200938,Internal Transaction System,CUST4919
TXN100939,2026-07-10,2026-07-11,Retailer B,Purchase,EUR,819.48,Pending,REF200939,Internal Transaction System,CUST8316
TXN100940,2026-07-10,2026-07-11,Retailer A,Purchase,EUR,3135.18,Completed,REF200940,Internal Transaction System,CUST1899
TXN100941,2026-07-08,2026-07-09,Travel Co,Refund,INR,1014.09,Completed,REF200941,Internal Transaction System,CUST8091
TXN100942,2026-07-19,2026-07-20,Travel Co,Purchase,USD,1390.18,Completed,REF200942,Internal Transaction System,CUST6478
TXN100943,2026-07-10,2026-07-11,Retailer A,Purchase,INR,627.7,Completed,REF200943,Internal Transaction System,CUST6549
TXN100944,2026-07-04,2026-07-05,Digital Store,Purchase,INR,1749.75,Completed,REF200944,Internal Transaction System,CUST7416
TXN100945,2026-07-22,2026-07-24,Retailer A,Reversal,INR,621.78,Completed,REF200945,Internal Transaction System,CUST5644
TXN100946,2026-07-18,2026-07-19,Digital Store,Purchase,INR,1362.36,Completed,REF200946,Internal Transaction System,CUST4339
TXN100947,2026-07-08,2026-07-10,Travel Co,Purchase,INR,1305.69,Completed,REF200947,Internal Transaction System,CUST7122
TXN100948,2026-07-20,2026-07-21,Food Services,Purchase,INR,619.18,Completed,REF200948,Internal Transaction System,CUST4850
TXN100949,2026-07-24,2026-07-26,Travel Co,Purchase,INR,367.15,Reversed,REF200949,Internal Transaction System,CUST7082
TXN100950,2026-07-02,2026-07-03,Retailer A,Purchase,INR,549.3,Completed,REF200950,Internal Transaction System,CUST7872
TXN100951,2026-07-26,2026-07-27,Travel Co,Purchase,GBP,1792.05,Completed,REF200951,Internal Transaction System,CUST7728
TXN100952,2026-07-22,2026-07-23,Digital Store,Purchase,INR,2567.18,Completed,REF200952,Internal Transaction System,CUST1364
TXN100953,2026-07-10,2026-07-11,Retailer A,Purchase,INR,836.55,Completed,REF200953,Internal Transaction System,CUST3800
TXN100954,2026-07-06,2026-07-08,Digital Store,Purchase,GBP,863.04,Completed,REF200954,Internal Transaction System,CUST9549
TXN100955,2026-07-04,2026-07-06,Utility Co,Purchase,INR,443.85,Completed,REF200955,Internal Transaction System,CUST2485
TXN100956,2026-07-13,2026-07-14,Retailer A,Purchase,INR,6580.21,Completed,REF200956,Internal Transaction System,CUST3827
TXN100957,2026-07-03,2026-07-05,Utility Co,Refund,INR,1081.65,Completed,REF200957,Internal Transaction System,CUST9088
TXN100958,2026-07-21,2026-07-22,Retailer A,Purchase,INR,4393.03,Completed,REF200958,Internal Transaction System,CUST6773
TXN100959,2026-07-03,2026-07-04,Digital Store,Purchase,INR,1557.53,Pending,REF200959,Internal Transaction System,CUST1378
TXN100960,2026-07-04,2026-07-06,Digital Store,Purchase,USD,2391.68,Completed,REF200960,Internal Transaction System,CUST4668
TXN100961,2026-07-10,2026-07-12,Digital Store,Purchase,EUR,2794.86,Completed,REF200961,Internal Transaction System,CUST3939
TXN100962,2026-07-15,2026-07-18,Food Services,Purchase,GBP,964.06,Completed,REF200962,Internal Transaction System,CUST9459
TXN100963,2026-07-21,2026-07-24,Retailer B,Purchase,INR,1957.73,Completed,REF200963,Internal Transaction System,CUST3677
TXN100964,2026-07-31,2026-08-02,Digital Store,Purchase,INR,244.84,Completed,REF200964,Internal Transaction System,CUST7200
TXN100965,2026-07-06,2026-07-08,Retailer A,Refund,GBP,1524.87,Completed,REF200965,Internal Transaction System,CUST5729
TXN100966,2026-07-13,2026-07-14,Retailer B,Purchase,INR,1000.77,Pending,REF200966,Internal Transaction System,CUST5124
TXN100967,2026-07-07,2026-07-08,Retailer A,Refund,INR,1295.04,Completed,REF200967,Internal Transaction System,CUST8766
TXN100968,2026-07-19,2026-07-21,Travel Co,Reversal,EUR,2894.67,Completed,REF200968,Internal Transaction System,CUST7146
TXN100969,2026-07-10,2026-07-12,Food Services,Purchase,INR,1335.42,Completed,REF200969,Internal Transaction System,CUST5161
TXN100970,2026-07-13,2026-07-16,Digital Store,Purchase,INR,387.67,Completed,REF200970,Internal Transaction System,CUST8820
TXN100971,2026-07-20,2026-07-22,Retailer A,Reversal,INR,899.67,Completed,REF200971,Internal Transaction System,CUST1403
TXN100972,2026-07-17,2026-07-18,Digital Store,Purchase,USD,2348.45,Completed,REF200972,Internal Transaction System,CUST4211
TXN100973,2026-07-23,2026-07-24,Retailer B,Purchase,INR,3081.97,Completed,REF200973,Internal Transaction System,CUST7947
TXN100974,2026-07-23,2026-07-24,Food Services,Purchase,USD,1154.81,Completed,REF200974,Internal Transaction System,CUST7677
TXN100975,2026-07-31,2026-08-02,Retailer B,Purchase,EUR,1265.81,Completed,REF200975,Internal Transaction System,CUST2351
TXN100976,2026-07-20,2026-07-22,Travel Co,Purchase,INR,493.43,Completed,REF200976,Internal Transaction System,CUST1813
TXN100977,2026-07-15,2026-07-16,Digital Store,Purchase,GBP,1457.22,Pending,REF200977,Internal Transaction System,CUST3864
TXN100978,2026-07-20,2026-07-21,Travel Co,Purchase,USD,417.19,Pending,REF200978,Internal Transaction System,CUST3192
TXN100979,2026-07-26,2026-07-28,Digital Store,Refund,USD,2184.7,Completed,REF200979,Internal Transaction System,CUST2277
TXN100980,2026-07-27,2026-07-28,Travel Co,Purchase,INR,625.73,Completed,REF200980,Internal Transaction System,CUST1816
TXN100981,2026-07-10,2026-07-11,Digital Store,Refund,INR,284.71,Pending,REF200981,Internal Transaction System,CUST2532
TXN100982,2026-07-20,2026-07-21,Retailer A,Purchase,INR,1370.87,Completed,REF200982,Internal Transaction System,CUST1635
TXN100983,2026-07-27,2026-07-29,Utility Co,Reversal,INR,847.49,Completed,REF200983,Internal Transaction System,CUST5884
TXN100984,2026-07-27,2026-07-29,Retailer A,Purchase,INR,1182.12,Completed,REF200984,Internal Transaction System,CUST4613
TXN100985,2026-07-09,2026-07-11,Food Services,Refund,INR,1706.94,Completed,REF200985,Internal Transaction System,CUST4052
TXN100986,2026-07-18,2026-07-20,Retailer A,Reversal,INR,772.53,Completed,REF200986,Internal Transaction System,CUST5413
TXN100987,2026-07-18,2026-07-19,Digital Store,Purchase,GBP,1213.19,Completed,REF200987,Internal Transaction System,CUST8763
TXN100988,2026-07-28,2026-07-29,Travel Co,Reversal,INR,1995.24,Pending,REF200988,Internal Transaction System,CUST6321
TXN100989,2026-07-15,2026-07-17,Retailer A,Purchase,INR,1143.97,Completed,REF200989,Internal Transaction System,CUST8789
TXN100990,2026-07-29,2026-07-31,Retailer B,Reversal,INR,1134.68,Completed,REF200990,Internal Transaction System,CUST7045
TXN100991,2026-07-08,2026-07-10,Utility Co,Purchase,INR,1090.41,Completed,REF200991,Internal Transaction System,CUST4061
TXN100992,2026-07-06,2026-07-07,Food Services,Purchase,INR,826.25,Pending,REF200992,Internal Transaction System,CUST9383
TXN100993,2026-07-02,2026-07-03,Travel Co,Purchase,INR,2169.9,Completed,REF200993,Internal Transaction System,CUST8407
TXN100994,2026-07-04,2026-07-06,Digital Store,Refund,GBP,2039.81,Pending,REF200994,Internal Transaction System,CUST9293
TXN100995,2026-07-14,2026-07-15,Utility Co,Purchase,INR,925.79,Completed,REF200995,Internal Transaction System,CUST8971
TXN100996,2026-07-01,2026-07-04,Utility Co,Purchase,USD,508.91,Completed,REF200996,Internal Transaction System,CUST2809
TXN100997,2026-07-05,2026-07-07,Retailer B,Refund,INR,1842.31,Completed,REF200997,Internal Transaction System,CUST5941
TXN100998,2026-07-07,2026-07-08,Digital Store,Purchase,INR,729.05,Completed,REF200998,Internal Transaction System,CUST4787
TXN100999,2026-07-17,2026-07-18,Retailer A,Purchase,INR,2103.03,Completed,REF200999,Internal Transaction System,CUST3253
TXN101000,2026-07-14,2026-07-17,Food Services,Reversal,INR,804.51,Completed,REF201000,Internal Transaction System,CUST3342
TXN101001,2026-07-15,2026-07-17,Food Services,Purchase,INR,1765.42,Completed,REF201001,Internal Transaction System,CUST3580
TXN101002,2026-07-08,2026-07-10,Travel Co,Refund,INR,2430.74,Completed,REF201002,Internal Transaction System,CUST9569
TXN101003,2026-07-26,2026-07-28,Food Services,Purchase,INR,3121.93,Reversed,REF201003,Internal Transaction System,CUST9542
TXN101004,2026-07-20,2026-07-21,Retailer A,Purchase,USD,2516.46,Completed,REF201004,Internal Transaction System,CUST9446
TXN101005,2026-07-19,2026-07-21,Food Services,Purchase,USD,2779.44,Completed,REF201005,Internal Transaction System,CUST4373
TXN101006,2026-07-25,2026-07-26,Retailer A,Purchase,INR,1202.91,Completed,REF201006,Internal Transaction System,CUST3202
TXN101007,2026-07-01,2026-07-03,Travel Co,Purchase,EUR,1373.57,Completed,REF201007,Internal Transaction System,CUST1124
TXN101008,2026-07-17,2026-07-19,Digital Store,Purchase,EUR,592.14,Completed,REF201008,Internal Transaction System,CUST3912
TXN101009,2026-07-18,2026-07-20,Retailer B,Purchase,USD,1518.07,Completed,REF201009,Internal Transaction System,CUST4970
TXN101010,2026-07-21,2026-07-23,Digital Store,Purchase,INR,1118.71,Completed,REF201010,Internal Transaction System,CUST5524
TXN101011,2026-07-16,2026-07-17,Digital Store,Purchase,INR,1253.12,Completed,REF201011,Internal Transaction System,CUST3324
TXN101012,2026-07-11,2026-07-13,Retailer A,Refund,INR,557.24,Completed,REF201012,Internal Transaction System,CUST4901
TXN101013,2026-07-31,2026-08-01,Food Services,Purchase,INR,255.23,Pending,REF201013,Internal Transaction System,CUST7114
TXN101014,2026-07-21,2026-07-23,Food Services,Purchase,INR,1500.71,Completed,REF201014,Internal Transaction System,CUST5504
TXN101015,2026-07-12,2026-07-13,Food Services,Purchase,INR,681.96,Completed,REF201015,Internal Transaction System,CUST9796
TXN101016,2026-07-04,2026-07-05,Utility Co,Purchase,INR,1344.69,Completed,REF201016,Internal Transaction System,CUST5237
TXN101017,2026-07-12,2026-07-13,Utility Co,Purchase,INR,1140.32,Completed,REF201017,Internal Transaction System,CUST1849
TXN101018,2026-07-10,2026-07-12,Utility Co,Purchase,INR,390.47,Completed,REF201018,Internal Transaction System,CUST1696
TXN101019,2026-07-25,2026-07-27,Food Services,Reversal,INR,1221.82,Completed,REF201019,Internal Transaction System,CUST4934
TXN101020,2026-07-16,2026-07-17,Utility Co,Purchase,INR,1673.31,Completed,REF201020,Internal Transaction System,CUST9464
TXN101021,2026-07-12,2026-07-13,Utility Co,Purchase,USD,1364.67,Pending,REF201021,Internal Transaction System,CUST9147
TXN101022,2026-07-18,2026-07-19,Digital Store,Purchase,INR,969.75,Completed,REF201022,Internal Transaction System,CUST6713
TXN101023,2026-07-26,2026-07-28,Digital Store,Purchase,EUR,3365.88,Completed,REF201023,Internal Transaction System,CUST8054
TXN101024,2026-07-26,2026-07-28,Retailer B,Refund,INR,1403.64,Completed,REF201024,Internal Transaction System,CUST6309
TXN101025,2026-07-03,2026-07-05,Retailer A,Purchase,EUR,617.09,Completed,REF201025,Internal Transaction System,CUST3828
TXN101026,2026-07-23,2026-07-24,Food Services,Purchase,INR,686.53,Completed,REF201026,Internal Transaction System,CUST7062
TXN101027,2026-07-17,2026-07-18,Retailer A,Purchase,INR,4160.96,Pending,REF201027,Internal Transaction System,CUST8935
TXN101028,2026-07-10,2026-07-13,Utility Co,Refund,INR,839.0,Completed,REF201028,Internal Transaction System,CUST8944
TXN101029,2026-07-16,2026-07-17,Food Services,Purchase,INR,205.45,Completed,REF201029,Internal Transaction System,CUST2662
TXN101030,2026-07-19,2026-07-20,Food Services,Purchase,INR,1063.06,Reversed,REF201030,Internal Transaction System,CUST8033
TXN101031,2026-07-25,2026-07-27,Food Services,Purchase,EUR,267.31,Completed,REF201031,Internal Transaction System,CUST7752
TXN101032,2026-07-21,2026-07-23,Travel Co,Purchase,INR,651.82,Completed,REF201032,Internal Transaction System,CUST5509
TXN101033,2026-07-28,2026-07-29,Food Services,Purchase,EUR,5593.08,Completed,REF201033,Internal Transaction System,CUST3910
TXN101034,2026-07-21,2026-07-23,Food Services,Purchase,INR,2065.39,Completed,REF201034,Internal Transaction System,CUST7894
TXN101035,2026-07-07,2026-07-09,Retailer A,Purchase,INR,1158.08,Completed,REF201035,Internal Transaction System,CUST8598
TXN101036,2026-07-12,2026-07-15,Travel Co,Purchase,INR,245.7,Completed,REF201036,Internal Transaction System,CUST5445
TXN101037,2026-07-15,2026-07-16,Utility Co,Purchase,EUR,2527.99,Completed,REF201037,Internal Transaction System,CUST9760
TXN101038,2026-07-11,2026-07-13,Retailer A,Reversal,USD,511.27,Completed,REF201038,Internal Transaction System,CUST7549
TXN101039,2026-07-11,2026-07-12,Retailer B,Purchase,INR,2967.77,Completed,REF201039,Internal Transaction System,CUST5280
TXN101040,2026-07-25,2026-07-26,Food Services,Purchase,EUR,1233.01,Completed,REF201040,Internal Transaction System,CUST1997
TXN101041,2026-07-22,2026-07-23,Retailer A,Purchase,GBP,1077.09,Completed,REF201041,Internal Transaction System,CUST8887
TXN101042,2026-07-03,2026-07-05,Retailer A,Purchase,INR,2139.53,Completed,REF201042,Internal Transaction System,CUST2726
TXN101043,2026-07-14,2026-07-15,Retailer B,Purchase,EUR,1213.43,Pending,REF201043,Internal Transaction System,CUST6362
TXN101044,2026-07-25,2026-07-26,Travel Co,Purchase,INR,1877.31,Completed,REF201044,Internal Transaction System,CUST6230
TXN101045,2026-07-30,2026-07-31,Utility Co,Reversal,INR,985.48,Completed,REF201045,Internal Transaction System,CUST6369
TXN101046,2026-07-14,2026-07-16,Utility Co,Purchase,INR,1350.62,Reversed,REF201046,Internal Transaction System,CUST1412
TXN101047,2026-07-27,2026-07-29,Food Services,Purchase,INR,2157.22,Completed,REF201047,Internal Transaction System,CUST4225
TXN101048,2026-07-07,2026-07-09,Travel Co,Purchase,INR,1406.43,Completed,REF201048,Internal Transaction System,CUST7316
TXN101049,2026-07-28,2026-07-29,Travel Co,Purchase,INR,1266.8,Completed,REF201049,Internal Transaction System,CUST9030
TXN101050,2026-07-17,2026-07-18,Retailer B,Purchase,EUR,2424.66,Completed,REF201050,Internal Transaction System,CUST2840
TXN101051,2026-07-21,2026-07-24,Digital Store,Purchase,EUR,670.91,Completed,REF201051,Internal Transaction System,CUST2423
TXN101052,2026-07-01,2026-07-04,Food Services,Purchase,INR,278.74,Completed,REF201052,Internal Transaction System,CUST8156
TXN101053,2026-07-16,2026-07-17,Retailer B,Reversal,USD,724.59,Completed,REF201053,Internal Transaction System,CUST5609
TXN101054,2026-07-14,2026-07-16,Travel Co,Purchase,INR,960.06,Completed,REF201054,Internal Transaction System,CUST1256
TXN101055,2026-07-14,2026-07-15,Retailer B,Purchase,USD,653.17,Completed,REF201055,Internal Transaction System,CUST8035
TXN101056,2026-07-04,2026-07-06,Utility Co,Purchase,INR,2887.81,Completed,REF201056,Internal Transaction System,CUST4795
TXN101057,2026-07-04,2026-07-05,Digital Store,Purchase,INR,1841.9,Completed,REF201057,Internal Transaction System,CUST4102
TXN101058,2026-07-01,2026-07-02,Utility Co,Purchase,GBP,793.83,Completed,REF201058,Internal Transaction System,CUST6940
TXN101059,2026-07-22,2026-07-24,Utility Co,Purchase,GBP,917.27,Completed,REF201059,Internal Transaction System,CUST8275
TXN101060,2026-07-05,2026-07-08,Travel Co,Purchase,INR,3187.54,Pending,REF201060,Internal Transaction System,CUST2952
TXN101061,2026-07-17,2026-07-18,Utility Co,Purchase,USD,1061.71,Completed,REF201061,Internal Transaction System,CUST9198
TXN101062,2026-07-10,2026-07-11,Travel Co,Purchase,INR,3365.02,Completed,REF201062,Internal Transaction System,CUST6628
TXN101063,2026-07-31,2026-08-02,Retailer B,Purchase,INR,551.81,Completed,REF201063,Internal Transaction System,CUST9985
TXN101064,2026-07-05,2026-07-06,Retailer B,Refund,INR,921.02,Completed,REF201064,Internal Transaction System,CUST6340
TXN101065,2026-07-08,2026-07-10,Utility Co,Purchase,EUR,4182.14,Completed,REF201065,Internal Transaction System,CUST3175
TXN101066,2026-07-03,2026-07-04,Retailer B,Purchase,INR,285.7,Completed,REF201066,Internal Transaction System,CUST3548
TXN101067,2026-07-21,2026-07-23,Digital Store,Purchase,INR,1830.25,Reversed,REF201067,Internal Transaction System,CUST2653
TXN101068,2026-07-11,2026-07-13,Digital Store,Reversal,INR,484.58,Completed,REF201068,Internal Transaction System,CUST6460
TXN101069,2026-07-17,2026-07-18,Travel Co,Purchase,INR,860.96,Completed,REF201069,Internal Transaction System,CUST9758
TXN101070,2026-07-14,2026-07-16,Utility Co,Purchase,INR,591.43,Completed,REF201070,Internal Transaction System,CUST5583
TXN101071,2026-07-06,2026-07-07,Food Services,Purchase,USD,5512.01,Completed,REF201071,Internal Transaction System,CUST1062
TXN101072,2026-07-07,2026-07-09,Travel Co,Purchase,INR,2601.63,Completed,REF201072,Internal Transaction System,CUST5828
TXN101073,2026-07-05,2026-07-06,Retailer B,Purchase,INR,283.94,Completed,REF201073,Internal Transaction System,CUST6816
TXN101074,2026-07-12,2026-07-15,Travel Co,Purchase,INR,741.57,Reversed,REF201074,Internal Transaction System,CUST6473
TXN101075,2026-07-17,2026-07-18,Utility Co,Purchase,INR,2069.86,Completed,REF201075,Internal Transaction System,CUST2254
TXN101076,2026-07-15,2026-07-16,Utility Co,Purchase,INR,1679.69,Completed,REF201076,Internal Transaction System,CUST4886
TXN101077,2026-07-09,2026-07-12,Retailer B,Purchase,INR,281.94,Completed,REF201077,Internal Transaction System,CUST9376
TXN101078,2026-07-05,2026-07-07,Retailer A,Purchase,INR,491.65,Completed,REF201078,Internal Transaction System,CUST5953
TXN101079,2026-07-30,2026-07-31,Retailer B,Purchase,INR,619.05,Completed,REF201079,Internal Transaction System,CUST3282
TXN101080,2026-07-31,2026-08-01,Travel Co,Purchase,EUR,983.87,Pending,REF201080,Internal Transaction System,CUST1450
TXN101081,2026-07-27,2026-07-28,Retailer A,Purchase,EUR,1104.79,Pending,REF201081,Internal Transaction System,CUST1393
TXN101082,2026-07-04,2026-07-05,Food Services,Purchase,INR,1102.14,Completed,REF201082,Internal Transaction System,CUST8505
TXN101083,2026-07-19,2026-07-20,Digital Store,Purchase,INR,1219.56,Completed,REF201083,Internal Transaction System,CUST9278
TXN101084,2026-07-09,2026-07-10,Retailer B,Reversal,INR,550.03,Completed,REF201084,Internal Transaction System,CUST9401
TXN101085,2026-07-20,2026-07-21,Travel Co,Refund,INR,189.1,Completed,REF201085,Internal Transaction System,CUST6449
TXN101086,2026-07-10,2026-07-12,Retailer A,Purchase,INR,2004.01,Completed,REF201086,Internal Transaction System,CUST2546
TXN101087,2026-07-05,2026-07-06,Retailer A,Reversal,INR,837.16,Completed,REF201087,Internal Transaction System,CUST3631
TXN101088,2026-07-11,2026-07-13,Food Services,Purchase,INR,1257.6,Completed,REF201088,Internal Transaction System,CUST8915
TXN101089,2026-07-15,2026-07-17,Utility Co,Purchase,INR,813.02,Completed,REF201089,Internal Transaction System,CUST8871
TXN101090,2026-07-24,2026-07-25,Retailer A,Purchase,EUR,333.0,Completed,REF201090,Internal Transaction System,CUST5392
TXN101091,2026-07-09,2026-07-10,Utility Co,Purchase,USD,1329.81,Completed,REF201091,Internal Transaction System,CUST1675
TXN101092,2026-07-06,2026-07-08,Travel Co,Reversal,INR,2026.16,Completed,REF201092,Internal Transaction System,CUST4928
TXN101093,2026-07-01,2026-07-04,Retailer A,Purchase,INR,1262.33,Pending,REF201093,Internal Transaction System,CUST7972
TXN101094,2026-07-10,2026-07-13,Retailer B,Refund,INR,544.81,Pending,REF201094,Internal Transaction System,CUST2740
TXN101095,2026-07-01,2026-07-03,Retailer A,Purchase,INR,1088.32,Completed,REF201095,Internal Transaction System,CUST7699
TXN101096,2026-07-31,2026-08-02,Digital Store,Reversal,INR,1095.98,Completed,REF201096,Internal Transaction System,CUST7023
TXN101097,2026-07-29,2026-07-31,Travel Co,Refund,GBP,2716.92,Completed,REF201097,Internal Transaction System,CUST6502
TXN101098,2026-07-13,2026-07-14,Digital Store,Purchase,GBP,721.24,Completed,REF201098,Internal Transaction System,CUST8011
TXN101099,2026-07-24,2026-07-25,Utility Co,Purchase,INR,1284.2,Pending,REF201099,Internal Transaction System,CUST9373
TXN101100,2026-07-25,2026-07-27,Utility Co,Purchase,INR,3159.12,Completed,REF201100,Internal Transaction System,CUST2746
TXN101101,2026-07-31,2026-08-01,Travel Co,Purchase,EUR,420.47,Reversed,REF201101,Internal Transaction System,CUST1689
TXN101102,2026-07-29,2026-08-01,Food Services,Reversal,INR,1250.91,Completed,REF201102,Internal Transaction System,CUST8462
TXN101103,2026-07-22,2026-07-24,Retailer A,Purchase,INR,1236.26,Completed,REF201103,Internal Transaction System,CUST8657
TXN101104,2026-07-05,2026-07-06,Retailer A,Purchase,INR,373.95,Completed,REF201104,Internal Transaction System,CUST3056
TXN101105,2026-07-16,2026-07-17,Utility Co,Purchase,INR,510.8,Completed,REF201105,Internal Transaction System,CUST7893
TXN101106,2026-07-18,2026-07-20,Digital Store,Purchase,INR,2379.11,Completed,REF201106,Internal Transaction System,CUST3319
TXN101107,2026-07-31,2026-08-01,Retailer A,Purchase,INR,1134.62,Completed,REF201107,Internal Transaction System,CUST9373
TXN101108,2026-07-05,2026-07-06,Retailer A,Purchase,USD,1630.62,Completed,REF201108,Internal Transaction System,CUST2008
TXN101109,2026-07-09,2026-07-11,Retailer B,Purchase,INR,657.36,Completed,REF201109,Internal Transaction System,CUST9502
TXN101110,2026-07-15,2026-07-18,Retailer B,Refund,INR,1567.77,Completed,REF201110,Internal Transaction System,CUST1187
TXN101111,2026-07-11,2026-07-13,Retailer A,Purchase,INR,747.81,Completed,REF201111,Internal Transaction System,CUST4537
TXN101112,2026-07-16,2026-07-18,Travel Co,Purchase,INR,1989.92,Pending,REF201112,Internal Transaction System,CUST8906
TXN101113,2026-07-11,2026-07-14,Retailer B,Purchase,INR,3269.19,Completed,REF201113,Internal Transaction System,CUST8849
TXN101114,2026-07-03,2026-07-05,Utility Co,Purchase,INR,1144.22,Reversed,REF201114,Internal Transaction System,CUST3078
TXN101115,2026-07-10,2026-07-13,Travel Co,Purchase,INR,637.98,Completed,REF201115,Internal Transaction System,CUST6074
TXN101116,2026-07-19,2026-07-20,Utility Co,Purchase,INR,3180.06,Completed,REF201116,Internal Transaction System,CUST3621
TXN101117,2026-07-30,2026-07-31,Retailer A,Purchase,INR,74.29,Completed,REF201117,Internal Transaction System,CUST1468
TXN101118,2026-07-07,2026-07-08,Retailer B,Purchase,USD,1166.82,Completed,REF201118,Internal Transaction System,CUST9476
TXN101119,2026-07-18,2026-07-20,Utility Co,Purchase,EUR,941.14,Completed,REF201119,Internal Transaction System,CUST9895
TXN101120,2026-07-25,2026-07-27,Digital Store,Refund,USD,2006.43,Completed,REF201120,Internal Transaction System,CUST9043
TXN101121,2026-07-21,2026-07-22,Retailer B,Purchase,INR,7271.51,Completed,REF201121,Internal Transaction System,CUST4313
TXN101122,2026-07-13,2026-07-14,Travel Co,Purchase,INR,717.99,Completed,REF201122,Internal Transaction System,CUST3817
TXN101123,2026-07-06,2026-07-07,Utility Co,Purchase,INR,714.7,Reversed,REF201123,Internal Transaction System,CUST1249
TXN101124,2026-07-25,2026-07-26,Retailer A,Purchase,INR,2922.35,Completed,REF201124,Internal Transaction System,CUST9269
TXN101125,2026-07-26,2026-07-27,Food Services,Purchase,INR,777.81,Completed,REF201125,Internal Transaction System,CUST2329
TXN101126,2026-07-12,2026-07-14,Retailer B,Purchase,INR,5106.01,Completed,REF201126,Internal Transaction System,CUST2099
TXN101127,2026-07-26,2026-07-28,Food Services,Reversal,INR,3162.79,Completed,REF201127,Internal Transaction System,CUST9279
TXN101128,2026-07-11,2026-07-12,Travel Co,Purchase,INR,3540.54,Completed,REF201128,Internal Transaction System,CUST3261
TXN101129,2026-07-11,2026-07-12,Travel Co,Purchase,INR,1133.47,Completed,REF201129,Internal Transaction System,CUST4346
TXN101130,2026-07-09,2026-07-10,Digital Store,Purchase,INR,2506.6,Completed,REF201130,Internal Transaction System,CUST3697
TXN101131,2026-07-13,2026-07-14,Retailer A,Purchase,INR,1205.92,Pending,REF201131,Internal Transaction System,CUST6700
TXN101132,2026-07-23,2026-07-24,Retailer B,Purchase,INR,6659.63,Reversed,REF201132,Internal Transaction System,CUST3409
TXN101133,2026-07-05,2026-07-06,Digital Store,Purchase,INR,632.08,Completed,REF201133,Internal Transaction System,CUST8042
TXN101134,2026-07-29,2026-07-30,Food Services,Purchase,INR,397.0,Pending,REF201134,Internal Transaction System,CUST3921
TXN101135,2026-07-18,2026-07-19,Travel Co,Refund,EUR,1861.82,Completed,REF201135,Internal Transaction System,CUST5967
TXN101136,2026-07-07,2026-07-08,Utility Co,Reversal,GBP,1427.91,Reversed,REF201136,Internal Transaction System,CUST9674
TXN101137,2026-07-28,2026-07-29,Utility Co,Purchase,INR,3778.79,Completed,REF201137,Internal Transaction System,CUST1060
TXN101138,2026-07-31,2026-08-02,Travel Co,Purchase,INR,672.14,Completed,REF201138,Internal Transaction System,CUST4906
TXN101139,2026-07-08,2026-07-09,Retailer A,Reversal,GBP,1383.19,Completed,REF201139,Internal Transaction System,CUST3006
TXN101140,2026-07-10,2026-07-12,Retailer B,Purchase,INR,377.85,Completed,REF201140,Internal Transaction System,CUST2814
TXN101141,2026-07-17,2026-07-18,Travel Co,Purchase,INR,472.88,Completed,REF201141,Internal Transaction System,CUST1494
TXN101142,2026-07-26,2026-07-28,Retailer B,Refund,USD,1503.46,Completed,REF201142,Internal Transaction System,CUST3559
TXN101143,2026-07-09,2026-07-12,Retailer A,Reversal,GBP,571.91,Completed,REF201143,Internal Transaction System,CUST5759
TXN101144,2026-07-03,2026-07-04,Utility Co,Purchase,USD,869.88,Completed,REF201144,Internal Transaction System,CUST5097
TXN101145,2026-07-08,2026-07-10,Travel Co,Purchase,USD,2000.69,Pending,REF201145,Internal Transaction System,CUST9182
TXN101146,2026-07-08,2026-07-11,Utility Co,Reversal,INR,1018.67,Completed,REF201146,Internal Transaction System,CUST4534
TXN101147,2026-07-13,2026-07-15,Food Services,Purchase,INR,2007.13,Completed,REF201147,Internal Transaction System,CUST7109
TXN101148,2026-07-13,2026-07-15,Travel Co,Purchase,INR,2297.35,Completed,REF201148,Internal Transaction System,CUST9642
TXN101149,2026-07-21,2026-07-22,Digital Store,Purchase,INR,330.68,Completed,REF201149,Internal Transaction System,CUST3268
TXN101150,2026-07-13,2026-07-15,Retailer B,Purchase,INR,954.66,Completed,REF201150,Internal Transaction System,CUST1694
TXN101151,2026-07-27,2026-07-29,Digital Store,Purchase,GBP,555.49,Completed,REF201151,Internal Transaction System,CUST9996
TXN101152,2026-07-26,2026-07-28,Food Services,Purchase,GBP,176.53,Completed,REF201152,Internal Transaction System,CUST4315
TXN101153,2026-07-30,2026-08-01,Digital Store,Purchase,EUR,1227.55,Pending,REF201153,Internal Transaction System,CUST7889
TXN101154,2026-07-03,2026-07-04,Food Services,Purchase,EUR,735.97,Completed,REF201154,Internal Transaction System,CUST5855
TXN101155,2026-07-27,2026-07-28,Travel Co,Purchase,USD,1234.59,Completed,REF201155,Internal Transaction System,CUST4958
TXN101156,2026-07-21,2026-07-23,Digital Store,Purchase,INR,899.83,Completed,REF201156,Internal Transaction System,CUST8459
TXN101157,2026-07-16,2026-07-17,Utility Co,Purchase,INR,372.9,Completed,REF201157,Internal Transaction System,CUST1848
TXN101158,2026-07-26,2026-07-27,Digital Store,Purchase,INR,2751.93,Completed,REF201158,Internal Transaction System,CUST3323
TXN101159,2026-07-08,2026-07-09,Utility Co,Purchase,EUR,1729.93,Completed,REF201159,Internal Transaction System,CUST6572
TXN101160,2026-07-21,2026-07-24,Food Services,Purchase,INR,1045.6,Completed,REF201160,Internal Transaction System,CUST1929
TXN101161,2026-07-04,2026-07-07,Travel Co,Refund,USD,1269.47,Completed,REF201161,Internal Transaction System,CUST2120
TXN101162,2026-07-02,2026-07-03,Retailer A,Purchase,INR,1162.52,Completed,REF201162,Internal Transaction System,CUST5885
TXN101163,2026-07-17,2026-07-19,Travel Co,Purchase,INR,1241.54,Completed,REF201163,Internal Transaction System,CUST2508
TXN101164,2026-07-23,2026-07-25,Travel Co,Purchase,INR,807.26,Completed,REF201164,Internal Transaction System,CUST2586
TXN101165,2026-07-14,2026-07-16,Utility Co,Purchase,INR,582.12,Completed,REF201165,Internal Transaction System,CUST7003
TXN101166,2026-07-21,2026-07-23,Retailer A,Purchase,INR,1319.32,Completed,REF201166,Internal Transaction System,CUST6693
TXN101167,2026-07-03,2026-07-06,Food Services,Purchase,USD,442.34,Completed,REF201167,Internal Transaction System,CUST2368
TXN101168,2026-07-07,2026-07-08,Food Services,Reversal,INR,393.88,Pending,REF201168,Internal Transaction System,CUST5217
TXN101169,2026-07-17,2026-07-18,Food Services,Purchase,INR,2601.7,Completed,REF201169,Internal Transaction System,CUST2345
TXN101170,2026-07-20,2026-07-21,Travel Co,Purchase,INR,3966.34,Completed,REF201170,Internal Transaction System,CUST6215
TXN101171,2026-07-19,2026-07-20,Utility Co,Refund,INR,4105.15,Reversed,REF201171,Internal Transaction System,CUST5617
TXN101172,2026-07-25,2026-07-26,Digital Store,Purchase,INR,2250.98,Completed,REF201172,Internal Transaction System,CUST2697
TXN101173,2026-07-30,2026-08-02,Retailer B,Purchase,USD,1543.4,Pending,REF201173,Internal Transaction System,CUST3180
TXN101174,2026-07-22,2026-07-25,Digital Store,Purchase,GBP,370.01,Completed,REF201174,Internal Transaction System,CUST8100
TXN101175,2026-07-29,2026-07-30,Travel Co,Purchase,GBP,1248.65,Completed,REF201175,Internal Transaction System,CUST4698
TXN101176,2026-07-07,2026-07-08,Utility Co,Purchase,INR,5197.2,Completed,REF201176,Internal Transaction System,CUST9474
TXN101177,2026-07-09,2026-07-10,Retailer A,Purchase,EUR,722.86,Completed,REF201177,Internal Transaction System,CUST9154
TXN101178,2026-07-18,2026-07-21,Food Services,Purchase,INR,541.92,Completed,REF201178,Internal Transaction System,CUST3228
TXN101179,2026-07-24,2026-07-27,Digital Store,Purchase,INR,252.86,Completed,REF201179,Internal Transaction System,CUST6938
TXN101180,2026-07-03,2026-07-04,Retailer B,Reversal,EUR,2334.66,Completed,REF201180,Internal Transaction System,CUST1229
TXN101181,2026-07-26,2026-07-29,Travel Co,Purchase,INR,698.55,Pending,REF201181,Internal Transaction System,CUST4375
TXN101182,2026-07-17,2026-07-19,Retailer B,Reversal,INR,1210.66,Completed,REF201182,Internal Transaction System,CUST3858
TXN101183,2026-07-08,2026-07-10,Travel Co,Purchase,INR,683.03,Completed,REF201183,Internal Transaction System,CUST9295
TXN101184,2026-07-02,2026-07-03,Travel Co,Purchase,INR,477.05,Completed,REF201184,Internal Transaction System,CUST5429
TXN101185,2026-07-24,2026-07-27,Retailer A,Purchase,INR,3207.12,Completed,REF201185,Internal Transaction System,CUST2303
TXN101186,2026-07-01,2026-07-02,Travel Co,Purchase,INR,619.59,Completed,REF201186,Internal Transaction System,CUST9079
TXN101187,2026-07-11,2026-07-13,Food Services,Purchase,INR,1158.09,Completed,REF201187,Internal Transaction System,CUST4422
TXN101188,2026-07-24,2026-07-26,Digital Store,Purchase,GBP,1438.09,Completed,REF201188,Internal Transaction System,CUST5498
TXN101189,2026-07-25,2026-07-26,Retailer A,Reversal,EUR,1925.02,Pending,REF201189,Internal Transaction System,CUST1213
TXN101190,2026-07-12,2026-07-14,Travel Co,Purchase,INR,1633.51,Completed,REF201190,Internal Transaction System,CUST6123
TXN101191,2026-07-22,2026-07-23,Digital Store,Purchase,GBP,478.3,Completed,REF201191,Internal Transaction System,CUST3052
TXN101192,2026-07-02,2026-07-03,Retailer B,Purchase,INR,660.06,Completed,REF201192,Internal Transaction System,CUST1657
TXN101193,2026-07-19,2026-07-20,Digital Store,Purchase,USD,9325.99,Completed,REF201193,Internal Transaction System,CUST6460
TXN101194,2026-07-18,2026-07-20,Utility Co,Refund,EUR,1396.32,Completed,REF201194,Internal Transaction System,CUST1081
TXN101195,2026-07-22,2026-07-24,Digital Store,Refund,EUR,1598.08,Completed,REF201195,Internal Transaction System,CUST4096
TXN101196,2026-07-17,2026-07-18,Retailer B,Purchase,INR,1083.21,Completed,REF201196,Internal Transaction System,CUST2062
TXN101197,2026-07-29,2026-07-30,Utility Co,Purchase,INR,2092.08,Reversed,REF201197,Internal Transaction System,CUST7031
TXN101198,2026-07-01,2026-07-04,Food Services,Purchase,INR,17617.55,Completed,REF201198,Internal Transaction System,CUST8421
TXN101199,2026-07-27,2026-07-28,Utility Co,Purchase,INR,589.71,Pending,REF201199,Internal Transaction System,CUST7892
